SUBJID,BMMTNM1,BMMTR1,BMMTNM2,BMMTR2,BMMTNM3,BMMTR3,BMMTNM4,BMMTR4,BMMTNM5,BMMTR5,BMMTNM6,BMMTR6,BMMTNM7,BMMTR7,STUDYID
000001,KRAS exon 2 (c12/13),Failure,KRAS exon 3 (c61),,KRAS exon 4 (c117/146),,NRAS exon 2 (c12/13),,NRAS exon 3 (c61),,NRAS exon 4 (c117/146),,BRAF exon 15 (c600),,PDS310
000002,KRAS exon 2 (c12/13),Wild-type,KRAS exon 3 (c61),,KRAS exon 4 (c117/146),,NRAS exon 2 (c12/13),,NRAS exon 3 (c61),,NRAS exon 4 (c117/146),,BRAF exon 15 (c600),,PDS310
000004,KRAS exon 2 (c12/13),Mutant,KRAS exon 3 (c61),,KRAS exon 4 (c117/146),,NRAS exon 2 (c12/13),,NRAS exon 3 (c61),,NRAS exon 4 (c117/146),,BRAF exon 15 (c600),,PDS310
000005,KRAS exon 2 (c12/13),Mutant,KRAS exon 3 (c61),Wild-type,KRAS exon 4 (c117/146),Wild-type,NRAS exon 2 (c12/13),Wild-type,NRAS exon 3 (c61),Wild-type,NRAS exon 4 (c117/146),Wild-type,BRAF exon 15 (c600),Wild-type,PDS310
000006,KRAS exon 2 (c12/13),Wild-type,KRAS exon 3 (c61),Wild-type,KRAS exon 4 (c117/146),Wild-type,NRAS exon 2 (c12/13),Wild-type,NRAS exon 3 (c61),Wild-type,NRAS exon 4 (c117/146),Wild-type,BRAF exon 15 (c600),Wild-type,PDS310
000008,KRAS exon 2 (c12/13),Wild-type,KRAS exon 3 (c61),,KRAS exon 4 (c117/146),,NRAS exon 2 (c12/13),,NRAS exon 3 (c61),,NRAS exon 4 (c117/146),,BRAF exon 15 (c600),,PDS310
000010,KRAS exon 2 (c12/13),Mutant,KRAS exon 3 (c61),,KRAS exon 4 (c117/146),,NRAS exon 2 (c12/13),,NRAS exon 3 (c61),,NRAS exon 4 (c117/146),,BRAF exon 15 (c600),,PDS310
000011,KRAS exon 2 (c12/13),Wild-type,KRAS exon 3 (c61),Wild-type,KRAS exon 4 (c117/146),Wild-type,NRAS exon 2 (c12/13),Wild-type,NRAS exon 3 (c61),Wild-type,NRAS exon 4 (c117/146),Wild-type,BRAF exon 15 (c600),Wild-type,PDS310
000013,KRAS exon 2 (c12/13),Wild-type,KRAS exon 3 (c61),Wild-type,KRAS exon 4 (c117/146),Wild-type,NRAS exon 2 (c12/13),Wild-type,NRAS exon 3 (c61),Wild-type,NRAS exon 4 (c117/146),Wild-type,BRAF exon 15 (c600),Wild-type,PDS310
000015,KRAS exon 2 (c12/13),Mutant,KRAS exon 3 (c61),Wild-type,KRAS exon 4 (c117/146),Mutant,NRAS exon 2 (c12/13),Wild-type,NRAS exon 3 (c61),Wild-type,NRAS exon 4 (c117/146),Wild-type,BRAF exon 15 (c600),Failure,PDS310
000016,KRAS exon 2 (c12/13),Wild-type,KRAS exon 3 (c61),,KRAS exon 4 (c117/146),,NRAS exon 2 (c12/13),,NRAS exon 3 (c61),,NRAS exon 4 (c117/146),,BRAF exon 15 (c600),,PDS310
000017,KRAS exon 2 (c12/13),Mutant,KRAS exon 3 (c61),,KRAS exon 4 (c117/146),,NRAS exon 2 (c12/13),,NRAS exon 3 (c61),,NRAS exon 4 (c117/146),,BRAF exon 15 (c600),,PDS310
000018,KRAS exon 2 (c12/13),Wild-type,KRAS exon 3 (c61),Wild-type,KRAS exon 4 (c117/146),Wild-type,NRAS exon 2 (c12/13),Mutant,NRAS exon 3 (c61),Wild-type,NRAS exon 4 (c117/146),Wild-type,BRAF exon 15 (c600),Wild-type,PDS310
000019,KRAS exon 2 (c12/13),Wild-type,KRAS exon 3 (c61),Wild-type,KRAS exon 4 (c117/146),Wild-type,NRAS exon 2 (c12/13),Wild-type,NRAS exon 3 (c61),Wild-type,NRAS exon 4 (c117/146),Wild-type,BRAF exon 15 (c600),Wild-type,PDS310
000020,KRAS exon 2 (c12/13),Failure,KRAS exon 3 (c61),Wild-type,KRAS exon 4 (c117/146),Failure,NRAS exon 2 (c12/13),Wild-type,NRAS exon 3 (c61),Wild-type,NRAS exon 4 (c117/146),Failure,BRAF exon 15 (c600),Wild-type,PDS310
000021,KRAS exon 2 (c12/13),Wild-type,KRAS exon 3 (c61),,KRAS exon 4 (c117/146),,NRAS exon 2 (c12/13),,NRAS exon 3 (c61),,NRAS exon 4 (c117/146),,BRAF exon 15 (c600),,PDS310
000022,KRAS exon 2 (c12/13),Wild-type,KRAS exon 3 (c61),,KRAS exon 4 (c117/146),,NRAS exon 2 (c12/13),,NRAS exon 3 (c61),,NRAS exon 4 (c117/146),,BRAF exon 15 (c600),,PDS310
000024,KRAS exon 2 (c12/13),Mutant,KRAS exon 3 (c61),Wild-type,KRAS exon 4 (c117/146),Mutant,NRAS exon 2 (c12/13),Wild-type,NRAS exon 3 (c61),Wild-type,NRAS exon 4 (c117/146),Wild-type,BRAF exon 15 (c600),Wild-type,PDS310
000025,KRAS exon 2 (c12/13),Wild-type,KRAS exon 3 (c61),,KRAS exon 4 (c117/146),,NRAS exon 2 (c12/13),,NRAS exon 3 (c61),,NRAS exon 4 (c117/146),,BRAF exon 15 (c600),,PDS310
000026,KRAS exon 2 (c12/13),Wild-type,KRAS exon 3 (c61),Failure,KRAS exon 4 (c117/146),Wild-type,NRAS exon 2 (c12/13),Wild-type,NRAS exon 3 (c61),Wild-type,NRAS exon 4 (c117/146),Wild-type,BRAF exon 15 (c600),Wild-type,PDS310
000027,KRAS exon 2 (c12/13),Failure,KRAS exon 3 (c61),,KRAS exon 4 (c117/146),,NRAS exon 2 (c12/13),,NRAS exon 3 (c61),,NRAS exon 4 (c117/146),,BRAF exon 15 (c600),,PDS310
000028,KRAS exon 2 (c12/13),Mutant,KRAS exon 3 (c61),Wild-type,KRAS exon 4 (c117/146),Wild-type,NRAS exon 2 (c12/13),Wild-type,NRAS exon 3 (c61),Wild-type,NRAS exon 4 (c117/146),Wild-type,BRAF exon 15 (c600),Wild-type,PDS310
000029,KRAS exon 2 (c12/13),Mutant,KRAS exon 3 (c61),Wild-type,KRAS exon 4 (c117/146),Wild-type,NRAS exon 2 (c12/13),Wild-type,NRAS exon 3 (c61),Wild-type,NRAS exon 4 (c117/146),Wild-type,BRAF exon 15 (c600),Wild-type,PDS310
000030,KRAS exon 2 (c12/13),Mutant,KRAS exon 3 (c61),Wild-type,KRAS exon 4 (c117/146),Wild-type,NRAS exon 2 (c12/13),Wild-type,NRAS exon 3 (c61),Wild-type,NRAS exon 4 (c117/146),Wild-type,BRAF exon 15 (c600),Wild-type,PDS310
000031,KRAS exon 2 (c12/13),Wild-type,KRAS exon 3 (c61),Wild-type,KRAS exon 4 (c117/146),Wild-type,NRAS exon 2 (c12/13),Wild-type,NRAS exon 3 (c61),Wild-type,NRAS exon 4 (c117/146),Wild-type,BRAF exon 15 (c600),Wild-type,PDS310
000034,KRAS exon 2 (c12/13),Wild-type,KRAS exon 3 (c61),,KRAS exon 4 (c117/146),,NRAS exon 2 (c12/13),,NRAS exon 3 (c61),,NRAS exon 4 (c117/146),,BRAF exon 15 (c600),,PDS310
000036,KRAS exon 2 (c12/13),Mutant,KRAS exon 3 (c61),Wild-type,KRAS exon 4 (c117/146),Wild-type,NRAS exon 2 (c12/13),Wild-type,NRAS exon 3 (c61),Wild-type,NRAS exon 4 (c117/146),Failure,BRAF exon 15 (c600),Failure,PDS310
000037,KRAS exon 2 (c12/13),Mutant,KRAS exon 3 (c61),Wild-type,KRAS exon 4 (c117/146),Wild-type,NRAS exon 2 (c12/13),Wild-type,NRAS exon 3 (c61),Wild-type,NRAS exon 4 (c117/146),Wild-type,BRAF exon 15 (c600),Wild-type,PDS310
000038,KRAS exon 2 (c12/13),Wild-type,KRAS exon 3 (c61),,KRAS exon 4 (c117/146),,NRAS exon 2 (c12/13),,NRAS exon 3 (c61),,NRAS exon 4 (c117/146),,BRAF exon 15 (c600),,PDS310
000039,KRAS exon 2 (c12/13),Wild-type,KRAS exon 3 (c61),,KRAS exon 4 (c117/146),Wild-type,NRAS exon 2 (c12/13),,NRAS exon 3 (c61),,NRAS exon 4 (c117/146),Wild-type,BRAF exon 15 (c600),,PDS310
000040,KRAS exon 2 (c12/13),Failure,KRAS exon 3 (c61),,KRAS exon 4 (c117/146),,NRAS exon 2 (c12/13),,NRAS exon 3 (c61),,NRAS exon 4 (c117/146),,BRAF exon 15 (c600),,PDS310
000041,KRAS exon 2 (c12/13),Wild-type,KRAS exon 3 (c61),,KRAS exon 4 (c117/146),,NRAS exon 2 (c12/13),,NRAS exon 3 (c61),,NRAS exon 4 (c117/146),,BRAF exon 15 (c600),,PDS310
000042,KRAS exon 2 (c12/13),Mutant,KRAS exon 3 (c61),,KRAS exon 4 (c117/146),,NRAS exon 2 (c12/13),,NRAS exon 3 (c61),,NRAS exon 4 (c117/146),,BRAF exon 15 (c600),,PDS310
000043,KRAS exon 2 (c12/13),Wild-type,KRAS exon 3 (c61),,KRAS exon 4 (c117/146),,NRAS exon 2 (c12/13),,NRAS exon 3 (c61),,NRAS exon 4 (c117/146),,BRAF exon 15 (c600),,PDS310
000044,KRAS exon 2 (c12/13),Failure,KRAS exon 3 (c61),,KRAS exon 4 (c117/146),,NRAS exon 2 (c12/13),,NRAS exon 3 (c61),,NRAS exon 4 (c117/146),,BRAF exon 15 (c600),,PDS310
000045,KRAS exon 2 (c12/13),Wild-type,KRAS exon 3 (c61),,KRAS exon 4 (c117/146),,NRAS exon 2 (c12/13),,NRAS exon 3 (c61),,NRAS exon 4 (c117/146),,BRAF exon 15 (c600),,PDS310
000046,KRAS exon 2 (c12/13),Failure,KRAS exon 3 (c61),Wild-type,KRAS exon 4 (c117/146),Wild-type,NRAS exon 2 (c12/13),Wild-type,NRAS exon 3 (c61),Wild-type,NRAS exon 4 (c117/146),Wild-type,BRAF exon 15 (c600),Wild-type,PDS310
000048,KRAS exon 2 (c12/13),Mutant,KRAS exon 3 (c61),Wild-type,KRAS exon 4 (c117/146),Wild-type,NRAS exon 2 (c12/13),Wild-type,NRAS exon 3 (c61),Wild-type,NRAS exon 4 (c117/146),Wild-type,BRAF exon 15 (c600),Wild-type,PDS310
000049,KRAS exon 2 (c12/13),Mutant,KRAS exon 3 (c61),,KRAS exon 4 (c117/146),,NRAS exon 2 (c12/13),,NRAS exon 3 (c61),,NRAS exon 4 (c117/146),,BRAF exon 15 (c600),,PDS310
000051,KRAS exon 2 (c12/13),Mutant,KRAS exon 3 (c61),Wild-type,KRAS exon 4 (c117/146),Wild-type,NRAS exon 2 (c12/13),Mutant,NRAS exon 3 (c61),Wild-type,NRAS exon 4 (c117/146),Wild-type,BRAF exon 15 (c600),Wild-type,PDS310
000052,KRAS exon 2 (c12/13),Failure,KRAS exon 3 (c61),,KRAS exon 4 (c117/146),,NRAS exon 2 (c12/13),,NRAS exon 3 (c61),,NRAS exon 4 (c117/146),,BRAF exon 15 (c600),,PDS310
000054,KRAS exon 2 (c12/13),Wild-type,KRAS exon 3 (c61),Wild-type,KRAS exon 4 (c117/146),Wild-type,NRAS exon 2 (c12/13),Wild-type,NRAS exon 3 (c61),Wild-type,NRAS exon 4 (c117/146),Wild-type,BRAF exon 15 (c600),Mutant,PDS310
000055,KRAS exon 2 (c12/13),Mutant,KRAS exon 3 (c61),Wild-type,KRAS exon 4 (c117/146),Wild-type,NRAS exon 2 (c12/13),Wild-type,NRAS exon 3 (c61),Wild-type,NRAS exon 4 (c117/146),Failure,BRAF exon 15 (c600),Failure,PDS310
000055,KRAS exon 2 (c12/13),Mutant,KRAS exon 3 (c61),Wild-type,KRAS exon 4 (c117/146),Wild-type,NRAS exon 2 (c12/13),Wild-type,NRAS exon 3 (c61),Wild-type,NRAS exon 4 (c117/146),Wild-type,BRAF exon 15 (c600),Failure,PDS310
000056,KRAS exon 2 (c12/13),Mutant,KRAS exon 3 (c61),Wild-type,KRAS exon 4 (c117/146),Wild-type,NRAS exon 2 (c12/13),Wild-type,NRAS exon 3 (c61),Wild-type,NRAS exon 4 (c117/146),Wild-type,BRAF exon 15 (c600),Wild-type,PDS310
000057,KRAS exon 2 (c12/13),Mutant,KRAS exon 3 (c61),,KRAS exon 4 (c117/146),,NRAS exon 2 (c12/13),,NRAS exon 3 (c61),,NRAS exon 4 (c117/146),,BRAF exon 15 (c600),,PDS310
000058,KRAS exon 2 (c12/13),Failure,KRAS exon 3 (c61),,KRAS exon 4 (c117/146),,NRAS exon 2 (c12/13),,NRAS exon 3 (c61),,NRAS exon 4 (c117/146),,BRAF exon 15 (c600),,PDS310
000059,KRAS exon 2 (c12/13),Mutant,KRAS exon 3 (c61),Wild-type,KRAS exon 4 (c117/146),Mutant,NRAS exon 2 (c12/13),Wild-type,NRAS exon 3 (c61),Wild-type,NRAS exon 4 (c117/146),Wild-type,BRAF exon 15 (c600),Wild-type,PDS310
000060,KRAS exon 2 (c12/13),Wild-type,KRAS exon 3 (c61),Wild-type,KRAS exon 4 (c117/146),Failure,NRAS exon 2 (c12/13),Wild-type,NRAS exon 3 (c61),Wild-type,NRAS exon 4 (c117/146),Failure,BRAF exon 15 (c600),Wild-type,PDS310
000060,KRAS exon 2 (c12/13),Wild-type,KRAS exon 3 (c61),Wild-type,KRAS exon 4 (c117/146),Wild-type,NRAS exon 2 (c12/13),Wild-type,NRAS exon 3 (c61),Wild-type,NRAS exon 4 (c117/146),Wild-type,BRAF exon 15 (c600),Wild-type,PDS310
000061,KRAS exon 2 (c12/13),Wild-type,KRAS exon 3 (c61),Wild-type,KRAS exon 4 (c117/146),Wild-type,NRAS exon 2 (c12/13),Wild-type,NRAS exon 3 (c61),Wild-type,NRAS exon 4 (c117/146),Wild-type,BRAF exon 15 (c600),Wild-type,PDS310
000062,KRAS exon 2 (c12/13),Failure,KRAS exon 3 (c61),,KRAS exon 4 (c117/146),,NRAS exon 2 (c12/13),,NRAS exon 3 (c61),,NRAS exon 4 (c117/146),,BRAF exon 15 (c600),,PDS310
000063,KRAS exon 2 (c12/13),Mutant,KRAS exon 3 (c61),Wild-type,KRAS exon 4 (c117/146),Failure,NRAS exon 2 (c12/13),Wild-type,NRAS exon 3 (c61),Wild-type,NRAS exon 4 (c117/146),Failure,BRAF exon 15 (c600),Wild-type,PDS310
000064,KRAS exon 2 (c12/13),Wild-type,KRAS exon 3 (c61),,KRAS exon 4 (c117/146),,NRAS exon 2 (c12/13),,NRAS exon 3 (c61),,NRAS exon 4 (c117/146),,BRAF exon 15 (c600),,PDS310
000065,KRAS exon 2 (c12/13),Mutant,KRAS exon 3 (c61),,KRAS exon 4 (c117/146),,NRAS exon 2 (c12/13),,NRAS exon 3 (c61),,NRAS exon 4 (c117/146),,BRAF exon 15 (c600),,PDS310
000066,KRAS exon 2 (c12/13),Wild-type,KRAS exon 3 (c61),Mutant,KRAS exon 4 (c117/146),Wild-type,NRAS exon 2 (c12/13),Wild-type,NRAS exon 3 (c61),Wild-type,NRAS exon 4 (c117/146),Wild-type,BRAF exon 15 (c600),Wild-type,PDS310
000067,KRAS exon 2 (c12/13),Wild-type,KRAS exon 3 (c61),Failure,KRAS exon 4 (c117/146),Wild-type,NRAS exon 2 (c12/13),Wild-type,NRAS exon 3 (c61),Wild-type,NRAS exon 4 (c117/146),Wild-type,BRAF exon 15 (c600),Wild-type,PDS310
000068,KRAS exon 2 (c12/13),Wild-type,KRAS exon 3 (c61),Wild-type,KRAS exon 4 (c117/146),Wild-type,NRAS exon 2 (c12/13),Wild-type,NRAS exon 3 (c61),Wild-type,NRAS exon 4 (c117/146),Wild-type,BRAF exon 15 (c600),Wild-type,PDS310
000069,KRAS exon 2 (c12/13),Wild-type,KRAS exon 3 (c61),Wild-type,KRAS exon 4 (c117/146),Wild-type,NRAS exon 2 (c12/13),Wild-type,NRAS exon 3 (c61),Mutant,NRAS exon 4 (c117/146),Wild-type,BRAF exon 15 (c600),Wild-type,PDS310
000070,KRAS exon 2 (c12/13),Mutant,KRAS exon 3 (c61),Wild-type,KRAS exon 4 (c117/146),Wild-type,NRAS exon 2 (c12/13),Wild-type,NRAS exon 3 (c61),Wild-type,NRAS exon 4 (c117/146),Wild-type,BRAF exon 15 (c600),Wild-type,PDS310
000071,KRAS exon 2 (c12/13),Wild-type,KRAS exon 3 (c61),Wild-type,KRAS exon 4 (c117/146),Wild-type,NRAS exon 2 (c12/13),Wild-type,NRAS exon 3 (c61),Wild-type,NRAS exon 4 (c117/146),Wild-type,BRAF exon 15 (c600),Wild-type,PDS310
000072,KRAS exon 2 (c12/13),Mutant,KRAS exon 3 (c61),Wild-type,KRAS exon 4 (c117/146),Wild-type,NRAS exon 2 (c12/13),Wild-type,NRAS exon 3 (c61),Wild-type,NRAS exon 4 (c117/146),Wild-type,BRAF exon 15 (c600),Wild-type,PDS310
000073,KRAS exon 2 (c12/13),Wild-type,KRAS exon 3 (c61),,KRAS exon 4 (c117/146),,NRAS exon 2 (c12/13),,NRAS exon 3 (c61),,NRAS exon 4 (c117/146),,BRAF exon 15 (c600),,PDS310
000074,KRAS exon 2 (c12/13),Wild-type,KRAS exon 3 (c61),Wild-type,KRAS exon 4 (c117/146),Wild-type,NRAS exon 2 (c12/13),Wild-type,NRAS exon 3 (c61),Wild-type,NRAS exon 4 (c117/146),Wild-type,BRAF exon 15 (c600),Wild-type,PDS310
000075,KRAS exon 2 (c12/13),Mutant,KRAS exon 3 (c61),Wild-type,KRAS exon 4 (c117/146),Wild-type,NRAS exon 2 (c12/13),Mutant,NRAS exon 3 (c61),Wild-type,NRAS exon 4 (c117/146),Wild-type,BRAF exon 15 (c600),Failure,PDS310
000076,KRAS exon 2 (c12/13),Wild-type,KRAS exon 3 (c61),,KRAS exon 4 (c117/146),,NRAS exon 2 (c12/13),,NRAS exon 3 (c61),,NRAS exon 4 (c117/146),,BRAF exon 15 (c600),,PDS310
000078,KRAS exon 2 (c12/13),Wild-type,KRAS exon 3 (c61),,KRAS exon 4 (c117/146),,NRAS exon 2 (c12/13),,NRAS exon 3 (c61),,NRAS exon 4 (c117/146),,BRAF exon 15 (c600),,PDS310
000079,KRAS exon 2 (c12/13),Mutant,KRAS exon 3 (c61),,KRAS exon 4 (c117/146),,NRAS exon 2 (c12/13),,NRAS exon 3 (c61),,NRAS exon 4 (c117/146),,BRAF exon 15 (c600),,PDS310
000081,KRAS exon 2 (c12/13),Wild-type,KRAS exon 3 (c61),Wild-type,KRAS exon 4 (c117/146),Wild-type,NRAS exon 2 (c12/13),Wild-type,NRAS exon 3 (c61),Wild-type,NRAS exon 4 (c117/146),Wild-type,BRAF exon 15 (c600),Mutant,PDS310
000082,KRAS exon 2 (c12/13),Wild-type,KRAS exon 3 (c61),,KRAS exon 4 (c117/146),,NRAS exon 2 (c12/13),,NRAS exon 3 (c61),,NRAS exon 4 (c117/146),,BRAF exon 15 (c600),,PDS310
000083,KRAS exon 2 (c12/13),Failure,KRAS exon 3 (c61),,KRAS exon 4 (c117/146),,NRAS exon 2 (c12/13),,NRAS exon 3 (c61),,NRAS exon 4 (c117/146),,BRAF exon 15 (c600),,PDS310
000084,KRAS exon 2 (c12/13),Mutant,KRAS exon 3 (c61),Wild-type,KRAS exon 4 (c117/146),Wild-type,NRAS exon 2 (c12/13),Wild-type,NRAS exon 3 (c61),Wild-type,NRAS exon 4 (c117/146),Mutant,BRAF exon 15 (c600),Wild-type,PDS310
000085,KRAS exon 2 (c12/13),Wild-type,KRAS exon 3 (c61),Wild-type,KRAS exon 4 (c117/146),Wild-type,NRAS exon 2 (c12/13),Wild-type,NRAS exon 3 (c61),Wild-type,NRAS exon 4 (c117/146),Wild-type,BRAF exon 15 (c600),Wild-type,PDS310
000087,KRAS exon 2 (c12/13),Failure,KRAS exon 3 (c61),,KRAS exon 4 (c117/146),Wild-type,NRAS exon 2 (c12/13),,NRAS exon 3 (c61),,NRAS exon 4 (c117/146),Wild-type,BRAF exon 15 (c600),,PDS310
000089,KRAS exon 2 (c12/13),Wild-type,KRAS exon 3 (c61),,KRAS exon 4 (c117/146),Wild-type,NRAS exon 2 (c12/13),,NRAS exon 3 (c61),,NRAS exon 4 (c117/146),Wild-type,BRAF exon 15 (c600),,PDS310
000090,KRAS exon 2 (c12/13),Mutant,KRAS exon 3 (c61),Wild-type,KRAS exon 4 (c117/146),Wild-type,NRAS exon 2 (c12/13),Wild-type,NRAS exon 3 (c61),Wild-type,NRAS exon 4 (c117/146),Wild-type,BRAF exon 15 (c600),Wild-type,PDS310
000091,KRAS exon 2 (c12/13),Mutant,KRAS exon 3 (c61),Wild-type,KRAS exon 4 (c117/146),Failure,NRAS exon 2 (c12/13),Wild-type,NRAS exon 3 (c61),Wild-type,NRAS exon 4 (c117/146),Failure,BRAF exon 15 (c600),Wild-type,PDS310
000092,KRAS exon 2 (c12/13),Failure,KRAS exon 3 (c61),,KRAS exon 4 (c117/146),Wild-type,NRAS exon 2 (c12/13),,NRAS exon 3 (c61),,NRAS exon 4 (c117/146),Wild-type,BRAF exon 15 (c600),,PDS310
000093,KRAS exon 2 (c12/13),Wild-type,KRAS exon 3 (c61),,KRAS exon 4 (c117/146),,NRAS exon 2 (c12/13),,NRAS exon 3 (c61),,NRAS exon 4 (c117/146),,BRAF exon 15 (c600),,PDS310
000094,KRAS exon 2 (c12/13),Mutant,KRAS exon 3 (c61),Wild-type,KRAS exon 4 (c117/146),Wild-type,NRAS exon 2 (c12/13),Wild-type,NRAS exon 3 (c61),Wild-type,NRAS exon 4 (c117/146),Wild-type,BRAF exon 15 (c600),Failure,PDS310
000095,KRAS exon 2 (c12/13),Mutant,KRAS exon 3 (c61),Wild-type,KRAS exon 4 (c117/146),Wild-type,NRAS exon 2 (c12/13),Wild-type,NRAS exon 3 (c61),Wild-type,NRAS exon 4 (c117/146),Wild-type,BRAF exon 15 (c600),Wild-type,PDS310
000096,KRAS exon 2 (c12/13),Mutant,KRAS exon 3 (c61),Wild-type,KRAS exon 4 (c117/146),Wild-type,NRAS exon 2 (c12/13),Wild-type,NRAS exon 3 (c61),Wild-type,NRAS exon 4 (c117/146),Wild-type,BRAF exon 15 (c600),Wild-type,PDS310
000097,KRAS exon 2 (c12/13),Wild-type,KRAS exon 3 (c61),Wild-type,KRAS exon 4 (c117/146),Failure,NRAS exon 2 (c12/13),Mutant,NRAS exon 3 (c61),Wild-type,NRAS exon 4 (c117/146),Failure,BRAF exon 15 (c600),Wild-type,PDS310
000097,KRAS exon 2 (c12/13),Wild-type,KRAS exon 3 (c61),Wild-type,KRAS exon 4 (c117/146),Wild-type,NRAS exon 2 (c12/13),Mutant,NRAS exon 3 (c61),Wild-type,NRAS exon 4 (c117/146),Wild-type,BRAF exon 15 (c600),Wild-type,PDS310
000098,KRAS exon 2 (c12/13),Mutant,KRAS exon 3 (c61),,KRAS exon 4 (c117/146),,NRAS exon 2 (c12/13),,NRAS exon 3 (c61),,NRAS exon 4 (c117/146),,BRAF exon 15 (c600),,PDS310
000099,KRAS exon 2 (c12/13),Wild-type,KRAS exon 3 (c61),Wild-type,KRAS exon 4 (c117/146),Wild-type,NRAS exon 2 (c12/13),Wild-type,NRAS exon 3 (c61),Wild-type,NRAS exon 4 (c117/146),Wild-type,BRAF exon 15 (c600),Wild-type,PDS310
000101,KRAS exon 2 (c12/13),Mutant,KRAS exon 3 (c61),Wild-type,KRAS exon 4 (c117/146),Wild-type,NRAS exon 2 (c12/13),Wild-type,NRAS exon 3 (c61),Wild-type,NRAS exon 4 (c117/146),Wild-type,BRAF exon 15 (c600),Wild-type,PDS310
000102,KRAS exon 2 (c12/13),Mutant,KRAS exon 3 (c61),Wild-type,KRAS exon 4 (c117/146),Wild-type,NRAS exon 2 (c12/13),Wild-type,NRAS exon 3 (c61),Wild-type,NRAS exon 4 (c117/146),Wild-type,BRAF exon 15 (c600),Wild-type,PDS310
000103,KRAS exon 2 (c12/13),Mutant,KRAS exon 3 (c61),,KRAS exon 4 (c117/146),,NRAS exon 2 (c12/13),,NRAS exon 3 (c61),,NRAS exon 4 (c117/146),,BRAF exon 15 (c600),,PDS310
000104,KRAS exon 2 (c12/13),Mutant,KRAS exon 3 (c61),,KRAS exon 4 (c117/146),,NRAS exon 2 (c12/13),,NRAS exon 3 (c61),,NRAS exon 4 (c117/146),,BRAF exon 15 (c600),,PDS310
000105,KRAS exon 2 (c12/13),Wild-type,KRAS exon 3 (c61),,KRAS exon 4 (c117/146),,NRAS exon 2 (c12/13),,NRAS exon 3 (c61),,NRAS exon 4 (c117/146),,BRAF exon 15 (c600),,PDS310
000106,KRAS exon 2 (c12/13),Mutant,KRAS exon 3 (c61),Wild-type,KRAS exon 4 (c117/146),Wild-type,NRAS exon 2 (c12/13),Wild-type,NRAS exon 3 (c61),Wild-type,NRAS exon 4 (c117/146),Mutant,BRAF exon 15 (c600),Wild-type,PDS310
000108,KRAS exon 2 (c12/13),Wild-type,KRAS exon 3 (c61),,KRAS exon 4 (c117/146),,NRAS exon 2 (c12/13),,NRAS exon 3 (c61),,NRAS exon 4 (c117/146),,BRAF exon 15 (c600),,PDS310
000110,KRAS exon 2 (c12/13),Wild-type,KRAS exon 3 (c61),Wild-type,KRAS exon 4 (c117/146),Mutant,NRAS exon 2 (c12/13),Wild-type,NRAS exon 3 (c61),Wild-type,NRAS exon 4 (c117/146),Wild-type,BRAF exon 15 (c600),Wild-type,PDS310
000113,KRAS exon 2 (c12/13),Wild-type,KRAS exon 3 (c61),Wild-type,KRAS exon 4 (c117/146),Wild-type,NRAS exon 2 (c12/13),Wild-type,NRAS exon 3 (c61),Wild-type,NRAS exon 4 (c117/146),Wild-type,BRAF exon 15 (c600),Wild-type,PDS310
000114,KRAS exon 2 (c12/13),Mutant,KRAS exon 3 (c61),,KRAS exon 4 (c117/146),,NRAS exon 2 (c12/13),,NRAS exon 3 (c61),,NRAS exon 4 (c117/146),,BRAF exon 15 (c600),,PDS310
000116,KRAS exon 2 (c12/13),Mutant,KRAS exon 3 (c61),,KRAS exon 4 (c117/146),,NRAS exon 2 (c12/13),,NRAS exon 3 (c61),,NRAS exon 4 (c117/146),,BRAF exon 15 (c600),,PDS310
000117,KRAS exon 2 (c12/13),Mutant,KRAS exon 3 (c61),Wild-type,KRAS exon 4 (c117/146),Wild-type,NRAS exon 2 (c12/13),Wild-type,NRAS exon 3 (c61),Wild-type,NRAS exon 4 (c117/146),Wild-type,BRAF exon 15 (c600),Wild-type,PDS310
000119,KRAS exon 2 (c12/13),Wild-type,KRAS exon 3 (c61),Wild-type,KRAS exon 4 (c117/146),Wild-type,NRAS exon 2 (c12/13),Wild-type,NRAS exon 3 (c61),Wild-type,NRAS exon 4 (c117/146),Wild-type,BRAF exon 15 (c600),Wild-type,PDS310
000121,KRAS exon 2 (c12/13),Mutant,KRAS exon 3 (c61),Wild-type,KRAS exon 4 (c117/146),Wild-type,NRAS exon 2 (c12/13),Wild-type,NRAS exon 3 (c61),Wild-type,NRAS exon 4 (c117/146),Wild-type,BRAF exon 15 (c600),Wild-type,PDS310
000122,KRAS exon 2 (c12/13),Wild-type,KRAS exon 3 (c61),Wild-type,KRAS exon 4 (c117/146),Wild-type,NRAS exon 2 (c12/13),Wild-type,NRAS exon 3 (c61),Wild-type,NRAS exon 4 (c117/146),Wild-type,BRAF exon 15 (c600),Wild-type,PDS310
000123,KRAS exon 2 (c12/13),Wild-type,KRAS exon 3 (c61),,KRAS exon 4 (c117/146),,NRAS exon 2 (c12/13),,NRAS exon 3 (c61),,NRAS exon 4 (c117/146),,BRAF exon 15 (c600),,PDS310
000125,KRAS exon 2 (c12/13),Mutant,KRAS exon 3 (c61),Wild-type,KRAS exon 4 (c117/146),Wild-type,NRAS exon 2 (c12/13),Wild-type,NRAS exon 3 (c61),Wild-type,NRAS exon 4 (c117/146),Wild-type,BRAF exon 15 (c600),Wild-type,PDS310
000126,KRAS exon 2 (c12/13),Wild-type,KRAS exon 3 (c61),Wild-type,KRAS exon 4 (c117/146),Wild-type,NRAS exon 2 (c12/13),Wild-type,NRAS exon 3 (c61),Wild-type,NRAS exon 4 (c117/146),Wild-type,BRAF exon 15 (c600),Wild-type,PDS310
000128,KRAS exon 2 (c12/13),Mutant,KRAS exon 3 (c61),Wild-type,KRAS exon 4 (c117/146),Wild-type,NRAS exon 2 (c12/13),Wild-type,NRAS exon 3 (c61),Wild-type,NRAS exon 4 (c117/146),Wild-type,BRAF exon 15 (c600),Wild-type,PDS310
000130,KRAS exon 2 (c12/13),Mutant,KRAS exon 3 (c61),,KRAS exon 4 (c117/146),,NRAS exon 2 (c12/13),,NRAS exon 3 (c61),,NRAS exon 4 (c117/146),,BRAF exon 15 (c600),,PDS310
000131,KRAS exon 2 (c12/13),Wild-type,KRAS exon 3 (c61),Wild-type,KRAS exon 4 (c117/146),Wild-type,NRAS exon 2 (c12/13),Wild-type,NRAS exon 3 (c61),Wild-type,NRAS exon 4 (c117/146),Wild-type,BRAF exon 15 (c600),Wild-type,PDS310
000132,KRAS exon 2 (c12/13),Wild-type,KRAS exon 3 (c61),Wild-type,KRAS exon 4 (c117/146),Wild-type,NRAS exon 2 (c12/13),Wild-type,NRAS exon 3 (c61),Wild-type,NRAS exon 4 (c117/146),Wild-type,BRAF exon 15 (c600),Wild-type,PDS310
000133,KRAS exon 2 (c12/13),Wild-type,KRAS exon 3 (c61),Wild-type,KRAS exon 4 (c117/146),Wild-type,NRAS exon 2 (c12/13),Mutant,NRAS exon 3 (c61),Wild-type,NRAS exon 4 (c117/146),Wild-type,BRAF exon 15 (c600),Wild-type,PDS310
000136,KRAS exon 2 (c12/13),Mutant,KRAS exon 3 (c61),Wild-type,KRAS exon 4 (c117/146),Failure,NRAS exon 2 (c12/13),Wild-type,NRAS exon 3 (c61),Wild-type,NRAS exon 4 (c117/146),Wild-type,BRAF exon 15 (c600),Wild-type,PDS310
000136,KRAS exon 2 (c12/13),Mutant,KRAS exon 3 (c61),Wild-type,KRAS exon 4 (c117/146),Wild-type,NRAS exon 2 (c12/13),Wild-type,NRAS exon 3 (c61),Wild-type,NRAS exon 4 (c117/146),Wild-type,BRAF exon 15 (c600),Wild-type,PDS310
000137,KRAS exon 2 (c12/13),Wild-type,KRAS exon 3 (c61),Wild-type,KRAS exon 4 (c117/146),Wild-type,NRAS exon 2 (c12/13),Wild-type,NRAS exon 3 (c61),Wild-type,NRAS exon 4 (c117/146),Wild-type,BRAF exon 15 (c600),Wild-type,PDS310
000140,KRAS exon 2 (c12/13),Wild-type,KRAS exon 3 (c61),Wild-type,KRAS exon 4 (c117/146),Failure,NRAS exon 2 (c12/13),Wild-type,NRAS exon 3 (c61),Wild-type,NRAS exon 4 (c117/146),Wild-type,BRAF exon 15 (c600),Wild-type,PDS310
000140,KRAS exon 2 (c12/13),Wild-type,KRAS exon 3 (c61),Wild-type,KRAS exon 4 (c117/146),Wild-type,NRAS exon 2 (c12/13),Wild-type,NRAS exon 3 (c61),Wild-type,NRAS exon 4 (c117/146),Wild-type,BRAF exon 15 (c600),Wild-type,PDS310
000141,KRAS exon 2 (c12/13),Failure,KRAS exon 3 (c61),,KRAS exon 4 (c117/146),,NRAS exon 2 (c12/13),,NRAS exon 3 (c61),,NRAS exon 4 (c117/146),,BRAF exon 15 (c600),,PDS310
000142,KRAS exon 2 (c12/13),Mutant,KRAS exon 3 (c61),Wild-type,KRAS exon 4 (c117/146),Wild-type,NRAS exon 2 (c12/13),Wild-type,NRAS exon 3 (c61),Wild-type,NRAS exon 4 (c117/146),Wild-type,BRAF exon 15 (c600),Wild-type,PDS310
000143,KRAS exon 2 (c12/13),Wild-type,KRAS exon 3 (c61),Wild-type,KRAS exon 4 (c117/146),Wild-type,NRAS exon 2 (c12/13),Wild-type,NRAS exon 3 (c61),Wild-type,NRAS exon 4 (c117/146),Wild-type,BRAF exon 15 (c600),Wild-type,PDS310
000144,KRAS exon 2 (c12/13),Wild-type,KRAS exon 3 (c61),Wild-type,KRAS exon 4 (c117/146),Wild-type,NRAS exon 2 (c12/13),Failure,NRAS exon 3 (c61),Wild-type,NRAS exon 4 (c117/146),Wild-type,BRAF exon 15 (c600),Wild-type,PDS310
000145,KRAS exon 2 (c12/13),Wild-type,KRAS exon 3 (c61),Mutant,KRAS exon 4 (c117/146),Mutant,NRAS exon 2 (c12/13),Wild-type,NRAS exon 3 (c61),Wild-type,NRAS exon 4 (c117/146),Wild-type,BRAF exon 15 (c600),Wild-type,PDS310
000146,KRAS exon 2 (c12/13),Wild-type,KRAS exon 3 (c61),Wild-type,KRAS exon 4 (c117/146),Wild-type,NRAS exon 2 (c12/13),Wild-type,NRAS exon 3 (c61),Wild-type,NRAS exon 4 (c117/146),Wild-type,BRAF exon 15 (c600),Wild-type,PDS310
000147,KRAS exon 2 (c12/13),Wild-type,KRAS exon 3 (c61),,KRAS exon 4 (c117/146),,NRAS exon 2 (c12/13),,NRAS exon 3 (c61),,NRAS exon 4 (c117/146),,BRAF exon 15 (c600),,PDS310
000149,KRAS exon 2 (c12/13),Failure,KRAS exon 3 (c61),,KRAS exon 4 (c117/146),,NRAS exon 2 (c12/13),,NRAS exon 3 (c61),,NRAS exon 4 (c117/146),,BRAF exon 15 (c600),,PDS310
000150,KRAS exon 2 (c12/13),Failure,KRAS exon 3 (c61),,KRAS exon 4 (c117/146),Wild-type,NRAS exon 2 (c12/13),,NRAS exon 3 (c61),,NRAS exon 4 (c117/146),Wild-type,BRAF exon 15 (c600),,PDS310
000151,KRAS exon 2 (c12/13),Wild-type,KRAS exon 3 (c61),,KRAS exon 4 (c117/146),,NRAS exon 2 (c12/13),,NRAS exon 3 (c61),,NRAS exon 4 (c117/146),,BRAF exon 15 (c600),,PDS310
000152,KRAS exon 2 (c12/13),Mutant,KRAS exon 3 (c61),,KRAS exon 4 (c117/146),Failure,NRAS exon 2 (c12/13),,NRAS exon 3 (c61),,NRAS exon 4 (c117/146),Wild-type,BRAF exon 15 (c600),,PDS310
000153,KRAS exon 2 (c12/13),Wild-type,KRAS exon 3 (c61),,KRAS exon 4 (c117/146),,NRAS exon 2 (c12/13),,NRAS exon 3 (c61),,NRAS exon 4 (c117/146),,BRAF exon 15 (c600),,PDS310
000154,KRAS exon 2 (c12/13),Wild-type,KRAS exon 3 (c61),Wild-type,KRAS exon 4 (c117/146),Mutant,NRAS exon 2 (c12/13),Failure,NRAS exon 3 (c61),Failure,NRAS exon 4 (c117/146),Wild-type,BRAF exon 15 (c600),Failure,PDS310
000155,KRAS exon 2 (c12/13),Wild-type,KRAS exon 3 (c61),Wild-type,KRAS exon 4 (c117/146),Wild-type,NRAS exon 2 (c12/13),Wild-type,NRAS exon 3 (c61),Wild-type,NRAS exon 4 (c117/146),Wild-type,BRAF exon 15 (c600),Wild-type,PDS310
000156,KRAS exon 2 (c12/13),Wild-type,KRAS exon 3 (c61),Wild-type,KRAS exon 4 (c117/146),Wild-type,NRAS exon 2 (c12/13),Mutant,NRAS exon 3 (c61),Wild-type,NRAS exon 4 (c117/146),Wild-type,BRAF exon 15 (c600),Wild-type,PDS310
000157,KRAS exon 2 (c12/13),Mutant,KRAS exon 3 (c61),,KRAS exon 4 (c117/146),,NRAS exon 2 (c12/13),,NRAS exon 3 (c61),,NRAS exon 4 (c117/146),,BRAF exon 15 (c600),,PDS310
000158,KRAS exon 2 (c12/13),Mutant,KRAS exon 3 (c61),,KRAS exon 4 (c117/146),,NRAS exon 2 (c12/13),,NRAS exon 3 (c61),,NRAS exon 4 (c117/146),,BRAF exon 15 (c600),,PDS310
000159,KRAS exon 2 (c12/13),Wild-type,KRAS exon 3 (c61),Wild-type,KRAS exon 4 (c117/146),Wild-type,NRAS exon 2 (c12/13),Wild-type,NRAS exon 3 (c61),Wild-type,NRAS exon 4 (c117/146),Wild-type,BRAF exon 15 (c600),Wild-type,PDS310
000161,KRAS exon 2 (c12/13),Mutant,KRAS exon 3 (c61),Wild-type,KRAS exon 4 (c117/146),Wild-type,NRAS exon 2 (c12/13),Wild-type,NRAS exon 3 (c61),Wild-type,NRAS exon 4 (c117/146),Wild-type,BRAF exon 15 (c600),Wild-type,PDS310
000162,KRAS exon 2 (c12/13),Mutant,KRAS exon 3 (c61),Wild-type,KRAS exon 4 (c117/146),Failure,NRAS exon 2 (c12/13),Wild-type,NRAS exon 3 (c61),Wild-type,NRAS exon 4 (c117/146),Failure,BRAF exon 15 (c600),Wild-type,PDS310
000162,KRAS exon 2 (c12/13),Mutant,KRAS exon 3 (c61),Wild-type,KRAS exon 4 (c117/146),Wild-type,NRAS exon 2 (c12/13),Wild-type,NRAS exon 3 (c61),Wild-type,NRAS exon 4 (c117/146),Wild-type,BRAF exon 15 (c600),Wild-type,PDS310
000163,KRAS exon 2 (c12/13),Wild-type,KRAS exon 3 (c61),Wild-type,KRAS exon 4 (c117/146),Mutant,NRAS exon 2 (c12/13),Wild-type,NRAS exon 3 (c61),Wild-type,NRAS exon 4 (c117/146),Mutant,BRAF exon 15 (c600),Wild-type,PDS310
000164,KRAS exon 2 (c12/13),Wild-type,KRAS exon 3 (c61),Wild-type,KRAS exon 4 (c117/146),Failure,NRAS exon 2 (c12/13),Wild-type,NRAS exon 3 (c61),Wild-type,NRAS exon 4 (c117/146),Wild-type,BRAF exon 15 (c600),Wild-type,PDS310
000164,KRAS exon 2 (c12/13),Wild-type,KRAS exon 3 (c61),Wild-type,KRAS exon 4 (c117/146),Wild-type,NRAS exon 2 (c12/13),Wild-type,NRAS exon 3 (c61),Wild-type,NRAS exon 4 (c117/146),Wild-type,BRAF exon 15 (c600),Wild-type,PDS310
000166,KRAS exon 2 (c12/13),Wild-type,KRAS exon 3 (c61),,KRAS exon 4 (c117/146),,NRAS exon 2 (c12/13),,NRAS exon 3 (c61),,NRAS exon 4 (c117/146),,BRAF exon 15 (c600),,PDS310
000167,KRAS exon 2 (c12/13),Mutant,KRAS exon 3 (c61),,KRAS exon 4 (c117/146),,NRAS exon 2 (c12/13),,NRAS exon 3 (c61),,NRAS exon 4 (c117/146),,BRAF exon 15 (c600),,PDS310
000170,KRAS exon 2 (c12/13),Mutant,KRAS exon 3 (c61),,KRAS exon 4 (c117/146),,NRAS exon 2 (c12/13),,NRAS exon 3 (c61),,NRAS exon 4 (c117/146),,BRAF exon 15 (c600),,PDS310
000171,KRAS exon 2 (c12/13),Wild-type,KRAS exon 3 (c61),Wild-type,KRAS exon 4 (c117/146),Wild-type,NRAS exon 2 (c12/13),Wild-type,NRAS exon 3 (c61),Wild-type,NRAS exon 4 (c117/146),Wild-type,BRAF exon 15 (c600),Wild-type,PDS310
000172,KRAS exon 2 (c12/13),Wild-type,KRAS exon 3 (c61),Wild-type,KRAS exon 4 (c117/146),Wild-type,NRAS exon 2 (c12/13),Wild-type,NRAS exon 3 (c61),Wild-type,NRAS exon 4 (c117/146),Wild-type,BRAF exon 15 (c600),Wild-type,PDS310
000173,KRAS exon 2 (c12/13),Mutant,KRAS exon 3 (c61),Wild-type,KRAS exon 4 (c117/146),Wild-type,NRAS exon 2 (c12/13),Wild-type,NRAS exon 3 (c61),Wild-type,NRAS exon 4 (c117/146),Wild-type,BRAF exon 15 (c600),Wild-type,PDS310
000174,KRAS exon 2 (c12/13),Wild-type,KRAS exon 3 (c61),,KRAS exon 4 (c117/146),,NRAS exon 2 (c12/13),,NRAS exon 3 (c61),,NRAS exon 4 (c117/146),,BRAF exon 15 (c600),,PDS310
000175,KRAS exon 2 (c12/13),Mutant,KRAS exon 3 (c61),Wild-type,KRAS exon 4 (c117/146),Wild-type,NRAS exon 2 (c12/13),Wild-type,NRAS exon 3 (c61),Wild-type,NRAS exon 4 (c117/146),Wild-type,BRAF exon 15 (c600),Wild-type,PDS310
000176,KRAS exon 2 (c12/13),Mutant,KRAS exon 3 (c61),Wild-type,KRAS exon 4 (c117/146),,NRAS exon 2 (c12/13),Wild-type,NRAS exon 3 (c61),Wild-type,NRAS exon 4 (c117/146),,BRAF exon 15 (c600),Wild-type,PDS310
000176,KRAS exon 2 (c12/13),Mutant,KRAS exon 3 (c61),Wild-type,KRAS exon 4 (c117/146),Wild-type,NRAS exon 2 (c12/13),Wild-type,NRAS exon 3 (c61),Wild-type,NRAS exon 4 (c117/146),Wild-type,BRAF exon 15 (c600),Wild-type,PDS310
000177,KRAS exon 2 (c12/13),Mutant,KRAS exon 3 (c61),,KRAS exon 4 (c117/146),,NRAS exon 2 (c12/13),,NRAS exon 3 (c61),,NRAS exon 4 (c117/146),,BRAF exon 15 (c600),,PDS310
000178,KRAS exon 2 (c12/13),Mutant,KRAS exon 3 (c61),Wild-type,KRAS exon 4 (c117/146),Wild-type,NRAS exon 2 (c12/13),Wild-type,NRAS exon 3 (c61),Wild-type,NRAS exon 4 (c117/146),Wild-type,BRAF exon 15 (c600),Wild-type,PDS310
000179,KRAS exon 2 (c12/13),Wild-type,KRAS exon 3 (c61),Wild-type,KRAS exon 4 (c117/146),Failure,NRAS exon 2 (c12/13),Wild-type,NRAS exon 3 (c61),Wild-type,NRAS exon 4 (c117/146),Wild-type,BRAF exon 15 (c600),Wild-type,PDS310
000179,KRAS exon 2 (c12/13),Wild-type,KRAS exon 3 (c61),Wild-type,KRAS exon 4 (c117/146),Wild-type,NRAS exon 2 (c12/13),Wild-type,NRAS exon 3 (c61),Wild-type,NRAS exon 4 (c117/146),Wild-type,BRAF exon 15 (c600),Wild-type,PDS310
000180,KRAS exon 2 (c12/13),Wild-type,KRAS exon 3 (c61),Mutant,KRAS exon 4 (c117/146),Wild-type,NRAS exon 2 (c12/13),Wild-type,NRAS exon 3 (c61),Wild-type,NRAS exon 4 (c117/146),Wild-type,BRAF exon 15 (c600),Wild-type,PDS310
000181,KRAS exon 2 (c12/13),Wild-type,KRAS exon 3 (c61),,KRAS exon 4 (c117/146),,NRAS exon 2 (c12/13),,NRAS exon 3 (c61),,NRAS exon 4 (c117/146),,BRAF exon 15 (c600),,PDS310
000182,KRAS exon 2 (c12/13),Wild-type,KRAS exon 3 (c61),Wild-type,KRAS exon 4 (c117/146),Wild-type,NRAS exon 2 (c12/13),Wild-type,NRAS exon 3 (c61),Wild-type,NRAS exon 4 (c117/146),,BRAF exon 15 (c600),Wild-type,PDS310
000182,KRAS exon 2 (c12/13),Wild-type,KRAS exon 3 (c61),Wild-type,KRAS exon 4 (c117/146),Wild-type,NRAS exon 2 (c12/13),Wild-type,NRAS exon 3 (c61),Wild-type,NRAS exon 4 (c117/146),Wild-type,BRAF exon 15 (c600),Wild-type,PDS310
000184,KRAS exon 2 (c12/13),Wild-type,KRAS exon 3 (c61),,KRAS exon 4 (c117/146),,NRAS exon 2 (c12/13),,NRAS exon 3 (c61),,NRAS exon 4 (c117/146),,BRAF exon 15 (c600),,PDS310
000186,KRAS exon 2 (c12/13),Wild-type,KRAS exon 3 (c61),Wild-type,KRAS exon 4 (c117/146),Wild-type,NRAS exon 2 (c12/13),Wild-type,NRAS exon 3 (c61),Wild-type,NRAS exon 4 (c117/146),Wild-type,BRAF exon 15 (c600),Wild-type,PDS310
000187,KRAS exon 2 (c12/13),Wild-type,KRAS exon 3 (c61),Wild-type,KRAS exon 4 (c117/146),Mutant,NRAS exon 2 (c12/13),Wild-type,NRAS exon 3 (c61),Wild-type,NRAS exon 4 (c117/146),Wild-type,BRAF exon 15 (c600),Wild-type,PDS310
000188,KRAS exon 2 (c12/13),Wild-type,KRAS exon 3 (c61),Wild-type,KRAS exon 4 (c117/146),Wild-type,NRAS exon 2 (c12/13),Wild-type,NRAS exon 3 (c61),Wild-type,NRAS exon 4 (c117/146),Wild-type,BRAF exon 15 (c600),Mutant,PDS310
000189,KRAS exon 2 (c12/13),Wild-type,KRAS exon 3 (c61),Wild-type,KRAS exon 4 (c117/146),Wild-type,NRAS exon 2 (c12/13),Wild-type,NRAS exon 3 (c61),Wild-type,NRAS exon 4 (c117/146),Wild-type,BRAF exon 15 (c600),Wild-type,PDS310
000190,KRAS exon 2 (c12/13),Mutant,KRAS exon 3 (c61),Wild-type,KRAS exon 4 (c117/146),Wild-type,NRAS exon 2 (c12/13),Wild-type,NRAS exon 3 (c61),Wild-type,NRAS exon 4 (c117/146),Wild-type,BRAF exon 15 (c600),Failure,PDS310
000191,KRAS exon 2 (c12/13),Wild-type,KRAS exon 3 (c61),Mutant,KRAS exon 4 (c117/146),Wild-type,NRAS exon 2 (c12/13),Wild-type,NRAS exon 3 (c61),Wild-type,NRAS exon 4 (c117/146),Wild-type,BRAF exon 15 (c600),Wild-type,PDS310
000192,KRAS exon 2 (c12/13),Wild-type,KRAS exon 3 (c61),,KRAS exon 4 (c117/146),Wild-type,NRAS exon 2 (c12/13),,NRAS exon 3 (c61),,NRAS exon 4 (c117/146),Wild-type,BRAF exon 15 (c600),,PDS310
000193,KRAS exon 2 (c12/13),Mutant,KRAS exon 3 (c61),Wild-type,KRAS exon 4 (c117/146),Wild-type,NRAS exon 2 (c12/13),Wild-type,NRAS exon 3 (c61),Wild-type,NRAS exon 4 (c117/146),Failure,BRAF exon 15 (c600),Wild-type,PDS310
000193,KRAS exon 2 (c12/13),Mutant,KRAS exon 3 (c61),Wild-type,KRAS exon 4 (c117/146),Wild-type,NRAS exon 2 (c12/13),Wild-type,NRAS exon 3 (c61),Wild-type,NRAS exon 4 (c117/146),Wild-type,BRAF exon 15 (c600),Wild-type,PDS310
000194,KRAS exon 2 (c12/13),Wild-type,KRAS exon 3 (c61),Wild-type,KRAS exon 4 (c117/146),Wild-type,NRAS exon 2 (c12/13),Wild-type,NRAS exon 3 (c61),Wild-type,NRAS exon 4 (c117/146),Wild-type,BRAF exon 15 (c600),Wild-type,PDS310
000195,KRAS exon 2 (c12/13),Wild-type,KRAS exon 3 (c61),Wild-type,KRAS exon 4 (c117/146),Wild-type,NRAS exon 2 (c12/13),Wild-type,NRAS exon 3 (c61),Wild-type,NRAS exon 4 (c117/146),Wild-type,BRAF exon 15 (c600),Wild-type,PDS310
000196,KRAS exon 2 (c12/13),Mutant,KRAS exon 3 (c61),Wild-type,KRAS exon 4 (c117/146),Wild-type,NRAS exon 2 (c12/13),Wild-type,NRAS exon 3 (c61),Wild-type,NRAS exon 4 (c117/146),Wild-type,BRAF exon 15 (c600),Wild-type,PDS310
000197,KRAS exon 2 (c12/13),Mutant,KRAS exon 3 (c61),Wild-type,KRAS exon 4 (c117/146),Wild-type,NRAS exon 2 (c12/13),Wild-type,NRAS exon 3 (c61),Wild-type,NRAS exon 4 (c117/146),Wild-type,BRAF exon 15 (c600),Wild-type,PDS310
000198,KRAS exon 2 (c12/13),Mutant,KRAS exon 3 (c61),,KRAS exon 4 (c117/146),,NRAS exon 2 (c12/13),,NRAS exon 3 (c61),,NRAS exon 4 (c117/146),,BRAF exon 15 (c600),,PDS310
000201,KRAS exon 2 (c12/13),Wild-type,KRAS exon 3 (c61),Wild-type,KRAS exon 4 (c117/146),Wild-type,NRAS exon 2 (c12/13),Wild-type,NRAS exon 3 (c61),Wild-type,NRAS exon 4 (c117/146),Wild-type,BRAF exon 15 (c600),Wild-type,PDS310
000202,KRAS exon 2 (c12/13),Wild-type,KRAS exon 3 (c61),Wild-type,KRAS exon 4 (c117/146),Wild-type,NRAS exon 2 (c12/13),Wild-type,NRAS exon 3 (c61),Wild-type,NRAS exon 4 (c117/146),Wild-type,BRAF exon 15 (c600),Wild-type,PDS310
000203,KRAS exon 2 (c12/13),Mutant,KRAS exon 3 (c61),Wild-type,KRAS exon 4 (c117/146),Wild-type,NRAS exon 2 (c12/13),Wild-type,NRAS exon 3 (c61),Wild-type,NRAS exon 4 (c117/146),Wild-type,BRAF exon 15 (c600),Wild-type,PDS310
000204,KRAS exon 2 (c12/13),Wild-type,KRAS exon 3 (c61),Wild-type,KRAS exon 4 (c117/146),Wild-type,NRAS exon 2 (c12/13),Wild-type,NRAS exon 3 (c61),Wild-type,NRAS exon 4 (c117/146),Wild-type,BRAF exon 15 (c600),Wild-type,PDS310
000205,KRAS exon 2 (c12/13),Mutant,KRAS exon 3 (c61),Wild-type,KRAS exon 4 (c117/146),Wild-type,NRAS exon 2 (c12/13),Wild-type,NRAS exon 3 (c61),Wild-type,NRAS exon 4 (c117/146),Wild-type,BRAF exon 15 (c600),Wild-type,PDS310
000206,KRAS exon 2 (c12/13),Wild-type,KRAS exon 3 (c61),Wild-type,KRAS exon 4 (c117/146),Wild-type,NRAS exon 2 (c12/13),Wild-type,NRAS exon 3 (c61),Wild-type,NRAS exon 4 (c117/146),Wild-type,BRAF exon 15 (c600),Wild-type,PDS310
000207,KRAS exon 2 (c12/13),Mutant,KRAS exon 3 (c61),Wild-type,KRAS exon 4 (c117/146),Wild-type,NRAS exon 2 (c12/13),Wild-type,NRAS exon 3 (c61),Wild-type,NRAS exon 4 (c117/146),Wild-type,BRAF exon 15 (c600),Wild-type,PDS310
000208,KRAS exon 2 (c12/13),Wild-type,KRAS exon 3 (c61),Wild-type,KRAS exon 4 (c117/146),Wild-type,NRAS exon 2 (c12/13),Wild-type,NRAS exon 3 (c61),Wild-type,NRAS exon 4 (c117/146),Wild-type,BRAF exon 15 (c600),Wild-type,PDS310
000210,KRAS exon 2 (c12/13),Mutant,KRAS exon 3 (c61),,KRAS exon 4 (c117/146),,NRAS exon 2 (c12/13),,NRAS exon 3 (c61),,NRAS exon 4 (c117/146),,BRAF exon 15 (c600),,PDS310
000214,KRAS exon 2 (c12/13),Wild-type,KRAS exon 3 (c61),Wild-type,KRAS exon 4 (c117/146),Wild-type,NRAS exon 2 (c12/13),Wild-type,NRAS exon 3 (c61),Mutant,NRAS exon 4 (c117/146),Wild-type,BRAF exon 15 (c600),Wild-type,PDS310
000215,KRAS exon 2 (c12/13),Mutant,KRAS exon 3 (c61),Wild-type,KRAS exon 4 (c117/146),Wild-type,NRAS exon 2 (c12/13),Wild-type,NRAS exon 3 (c61),Wild-type,NRAS exon 4 (c117/146),Wild-type,BRAF exon 15 (c600),Failure,PDS310
000216,KRAS exon 2 (c12/13),Mutant,KRAS exon 3 (c61),Wild-type,KRAS exon 4 (c117/146),Wild-type,NRAS exon 2 (c12/13),Wild-type,NRAS exon 3 (c61),Wild-type,NRAS exon 4 (c117/146),Wild-type,BRAF exon 15 (c600),Wild-type,PDS310
000218,KRAS exon 2 (c12/13),Wild-type,KRAS exon 3 (c61),Wild-type,KRAS exon 4 (c117/146),Wild-type,NRAS exon 2 (c12/13),Wild-type,NRAS exon 3 (c61),Wild-type,NRAS exon 4 (c117/146),Failure,BRAF exon 15 (c600),Wild-type,PDS310
000218,KRAS exon 2 (c12/13),Wild-type,KRAS exon 3 (c61),Wild-type,KRAS exon 4 (c117/146),Wild-type,NRAS exon 2 (c12/13),Wild-type,NRAS exon 3 (c61),Wild-type,NRAS exon 4 (c117/146),Wild-type,BRAF exon 15 (c600),Wild-type,PDS310
000219,KRAS exon 2 (c12/13),Mutant,KRAS exon 3 (c61),,KRAS exon 4 (c117/146),,NRAS exon 2 (c12/13),,NRAS exon 3 (c61),,NRAS exon 4 (c117/146),,BRAF exon 15 (c600),,PDS310
000220,KRAS exon 2 (c12/13),Mutant,KRAS exon 3 (c61),Wild-type,KRAS exon 4 (c117/146),Wild-type,NRAS exon 2 (c12/13),Wild-type,NRAS exon 3 (c61),Wild-type,NRAS exon 4 (c117/146),Wild-type,BRAF exon 15 (c600),Wild-type,PDS310
000221,KRAS exon 2 (c12/13),Mutant,KRAS exon 3 (c61),,KRAS exon 4 (c117/146),,NRAS exon 2 (c12/13),,NRAS exon 3 (c61),,NRAS exon 4 (c117/146),,BRAF exon 15 (c600),,PDS310
000222,KRAS exon 2 (c12/13),Mutant,KRAS exon 3 (c61),,KRAS exon 4 (c117/146),,NRAS exon 2 (c12/13),,NRAS exon 3 (c61),,NRAS exon 4 (c117/146),,BRAF exon 15 (c600),,PDS310
000223,KRAS exon 2 (c12/13),Mutant,KRAS exon 3 (c61),,KRAS exon 4 (c117/146),,NRAS exon 2 (c12/13),,NRAS exon 3 (c61),,NRAS exon 4 (c117/146),,BRAF exon 15 (c600),,PDS310
000224,KRAS exon 2 (c12/13),Wild-type,KRAS exon 3 (c61),Wild-type,KRAS exon 4 (c117/146),Wild-type,NRAS exon 2 (c12/13),Wild-type,NRAS exon 3 (c61),Wild-type,NRAS exon 4 (c117/146),Failure,BRAF exon 15 (c600),Wild-type,PDS310
000224,KRAS exon 2 (c12/13),Wild-type,KRAS exon 3 (c61),Wild-type,KRAS exon 4 (c117/146),Wild-type,NRAS exon 2 (c12/13),Wild-type,NRAS exon 3 (c61),Wild-type,NRAS exon 4 (c117/146),Wild-type,BRAF exon 15 (c600),Wild-type,PDS310
000225,KRAS exon 2 (c12/13),Wild-type,KRAS exon 3 (c61),Mutant,KRAS exon 4 (c117/146),Wild-type,NRAS exon 2 (c12/13),Wild-type,NRAS exon 3 (c61),Wild-type,NRAS exon 4 (c117/146),Failure,BRAF exon 15 (c600),Wild-type,PDS310
000225,KRAS exon 2 (c12/13),Wild-type,KRAS exon 3 (c61),Mutant,KRAS exon 4 (c117/146),Wild-type,NRAS exon 2 (c12/13),Wild-type,NRAS exon 3 (c61),Wild-type,NRAS exon 4 (c117/146),Wild-type,BRAF exon 15 (c600),Wild-type,PDS310
000226,KRAS exon 2 (c12/13),Wild-type,KRAS exon 3 (c61),Wild-type,KRAS exon 4 (c117/146),Wild-type,NRAS exon 2 (c12/13),Wild-type,NRAS exon 3 (c61),Wild-type,NRAS exon 4 (c117/146),Wild-type,BRAF exon 15 (c600),Mutant,PDS310
000228,KRAS exon 2 (c12/13),Wild-type,KRAS exon 3 (c61),,KRAS exon 4 (c117/146),,NRAS exon 2 (c12/13),,NRAS exon 3 (c61),,NRAS exon 4 (c117/146),,BRAF exon 15 (c600),,PDS310
000229,KRAS exon 2 (c12/13),Wild-type,KRAS exon 3 (c61),,KRAS exon 4 (c117/146),,NRAS exon 2 (c12/13),,NRAS exon 3 (c61),,NRAS exon 4 (c117/146),,BRAF exon 15 (c600),,PDS310
000230,KRAS exon 2 (c12/13),Mutant,KRAS exon 3 (c61),Wild-type,KRAS exon 4 (c117/146),Wild-type,NRAS exon 2 (c12/13),Wild-type,NRAS exon 3 (c61),Wild-type,NRAS exon 4 (c117/146),Wild-type,BRAF exon 15 (c600),Wild-type,PDS310
000231,KRAS exon 2 (c12/13),Wild-type,KRAS exon 3 (c61),Mutant,KRAS exon 4 (c117/146),Wild-type,NRAS exon 2 (c12/13),Wild-type,NRAS exon 3 (c61),Wild-type,NRAS exon 4 (c117/146),Wild-type,BRAF exon 15 (c600),Wild-type,PDS310
000233,KRAS exon 2 (c12/13),Mutant,KRAS exon 3 (c61),,KRAS exon 4 (c117/146),,NRAS exon 2 (c12/13),,NRAS exon 3 (c61),,NRAS exon 4 (c117/146),,BRAF exon 15 (c600),,PDS310
000234,KRAS exon 2 (c12/13),Mutant,KRAS exon 3 (c61),Wild-type,KRAS exon 4 (c117/146),Wild-type,NRAS exon 2 (c12/13),Wild-type,NRAS exon 3 (c61),Wild-type,NRAS exon 4 (c117/146),Wild-type,BRAF exon 15 (c600),Wild-type,PDS310
000235,KRAS exon 2 (c12/13),Mutant,KRAS exon 3 (c61),,KRAS exon 4 (c117/146),,NRAS exon 2 (c12/13),,NRAS exon 3 (c61),,NRAS exon 4 (c117/146),,BRAF exon 15 (c600),,PDS310
000236,KRAS exon 2 (c12/13),Wild-type,KRAS exon 3 (c61),Wild-type,KRAS exon 4 (c117/146),Wild-type,NRAS exon 2 (c12/13),Wild-type,NRAS exon 3 (c61),Wild-type,NRAS exon 4 (c117/146),Wild-type,BRAF exon 15 (c600),Wild-type,PDS310
000237,KRAS exon 2 (c12/13),Mutant,KRAS exon 3 (c61),,KRAS exon 4 (c117/146),,NRAS exon 2 (c12/13),,NRAS exon 3 (c61),,NRAS exon 4 (c117/146),,BRAF exon 15 (c600),,PDS310
000238,KRAS exon 2 (c12/13),Wild-type,KRAS exon 3 (c61),,KRAS exon 4 (c117/146),,NRAS exon 2 (c12/13),,NRAS exon 3 (c61),,NRAS exon 4 (c117/146),,BRAF exon 15 (c600),,PDS310
000239,KRAS exon 2 (c12/13),Mutant,KRAS exon 3 (c61),Wild-type,KRAS exon 4 (c117/146),Wild-type,NRAS exon 2 (c12/13),Wild-type,NRAS exon 3 (c61),Wild-type,NRAS exon 4 (c117/146),Wild-type,BRAF exon 15 (c600),Wild-type,PDS310
000242,KRAS exon 2 (c12/13),Wild-type,KRAS exon 3 (c61),,KRAS exon 4 (c117/146),,NRAS exon 2 (c12/13),,NRAS exon 3 (c61),,NRAS exon 4 (c117/146),,BRAF exon 15 (c600),,PDS310
000243,KRAS exon 2 (c12/13),Wild-type,KRAS exon 3 (c61),Wild-type,KRAS exon 4 (c117/146),Wild-type,NRAS exon 2 (c12/13),Wild-type,NRAS exon 3 (c61),Wild-type,NRAS exon 4 (c117/146),Wild-type,BRAF exon 15 (c600),Failure,PDS310
000244,KRAS exon 2 (c12/13),Mutant,KRAS exon 3 (c61),Wild-type,KRAS exon 4 (c117/146),Wild-type,NRAS exon 2 (c12/13),Wild-type,NRAS exon 3 (c61),Wild-type,NRAS exon 4 (c117/146),Wild-type,BRAF exon 15 (c600),Wild-type,PDS310
000245,KRAS exon 2 (c12/13),Wild-type,KRAS exon 3 (c61),Wild-type,KRAS exon 4 (c117/146),Failure,NRAS exon 2 (c12/13),Wild-type,NRAS exon 3 (c61),Wild-type,NRAS exon 4 (c117/146),Failure,BRAF exon 15 (c600),Wild-type,PDS310
000245,KRAS exon 2 (c12/13),Wild-type,KRAS exon 3 (c61),Wild-type,KRAS exon 4 (c117/146),Wild-type,NRAS exon 2 (c12/13),Wild-type,NRAS exon 3 (c61),Wild-type,NRAS exon 4 (c117/146),Wild-type,BRAF exon 15 (c600),Wild-type,PDS310
000246,KRAS exon 2 (c12/13),Wild-type,KRAS exon 3 (c61),,KRAS exon 4 (c117/146),Wild-type,NRAS exon 2 (c12/13),,NRAS exon 3 (c61),,NRAS exon 4 (c117/146),Wild-type,BRAF exon 15 (c600),,PDS310
000247,KRAS exon 2 (c12/13),Mutant,KRAS exon 3 (c61),,KRAS exon 4 (c117/146),,NRAS exon 2 (c12/13),,NRAS exon 3 (c61),,NRAS exon 4 (c117/146),,BRAF exon 15 (c600),,PDS310
000248,KRAS exon 2 (c12/13),Wild-type,KRAS exon 3 (c61),Wild-type,KRAS exon 4 (c117/146),Mutant,NRAS exon 2 (c12/13),Wild-type,NRAS exon 3 (c61),Wild-type,NRAS exon 4 (c117/146),Wild-type,BRAF exon 15 (c600),Wild-type,PDS310
000250,KRAS exon 2 (c12/13),Wild-type,KRAS exon 3 (c61),,KRAS exon 4 (c117/146),,NRAS exon 2 (c12/13),,NRAS exon 3 (c61),,NRAS exon 4 (c117/146),,BRAF exon 15 (c600),,PDS310
000251,KRAS exon 2 (c12/13),Wild-type,KRAS exon 3 (c61),Wild-type,KRAS exon 4 (c117/146),Wild-type,NRAS exon 2 (c12/13),Wild-type,NRAS exon 3 (c61),Wild-type,NRAS exon 4 (c117/146),Wild-type,BRAF exon 15 (c600),Wild-type,PDS310
000254,KRAS exon 2 (c12/13),Mutant,KRAS exon 3 (c61),,KRAS exon 4 (c117/146),,NRAS exon 2 (c12/13),,NRAS exon 3 (c61),,NRAS exon 4 (c117/146),,BRAF exon 15 (c600),,PDS310
000255,KRAS exon 2 (c12/13),Wild-type,KRAS exon 3 (c61),Wild-type,KRAS exon 4 (c117/146),Wild-type,NRAS exon 2 (c12/13),Wild-type,NRAS exon 3 (c61),Wild-type,NRAS exon 4 (c117/146),Wild-type,BRAF exon 15 (c600),Wild-type,PDS310
000256,KRAS exon 2 (c12/13),Wild-type,KRAS exon 3 (c61),Wild-type,KRAS exon 4 (c117/146),Wild-type,NRAS exon 2 (c12/13),Wild-type,NRAS exon 3 (c61),Wild-type,NRAS exon 4 (c117/146),Wild-type,BRAF exon 15 (c600),Wild-type,PDS310
000258,KRAS exon 2 (c12/13),Wild-type,KRAS exon 3 (c61),Wild-type,KRAS exon 4 (c117/146),Wild-type,NRAS exon 2 (c12/13),Wild-type,NRAS exon 3 (c61),Wild-type,NRAS exon 4 (c117/146),Wild-type,BRAF exon 15 (c600),Mutant,PDS310
000259,KRAS exon 2 (c12/13),Mutant,KRAS exon 3 (c61),Wild-type,KRAS exon 4 (c117/146),Wild-type,NRAS exon 2 (c12/13),Wild-type,NRAS exon 3 (c61),Wild-type,NRAS exon 4 (c117/146),Wild-type,BRAF exon 15 (c600),Wild-type,PDS310
000260,KRAS exon 2 (c12/13),Wild-type,KRAS exon 3 (c61),Wild-type,KRAS exon 4 (c117/146),Failure,NRAS exon 2 (c12/13),Wild-type,NRAS exon 3 (c61),Wild-type,NRAS exon 4 (c117/146),Wild-type,BRAF exon 15 (c600),Wild-type,PDS310
000260,KRAS exon 2 (c12/13),Wild-type,KRAS exon 3 (c61),Wild-type,KRAS exon 4 (c117/146),Wild-type,NRAS exon 2 (c12/13),Wild-type,NRAS exon 3 (c61),Wild-type,NRAS exon 4 (c117/146),Wild-type,BRAF exon 15 (c600),Wild-type,PDS310
000261,KRAS exon 2 (c12/13),Mutant,KRAS exon 3 (c61),,KRAS exon 4 (c117/146),,NRAS exon 2 (c12/13),,NRAS exon 3 (c61),,NRAS exon 4 (c117/146),,BRAF exon 15 (c600),,PDS310
000262,KRAS exon 2 (c12/13),Mutant,KRAS exon 3 (c61),Wild-type,KRAS exon 4 (c117/146),Failure,NRAS exon 2 (c12/13),Wild-type,NRAS exon 3 (c61),Wild-type,NRAS exon 4 (c117/146),Wild-type,BRAF exon 15 (c600),Wild-type,PDS310
000262,KRAS exon 2 (c12/13),Mutant,KRAS exon 3 (c61),Wild-type,KRAS exon 4 (c117/146),Wild-type,NRAS exon 2 (c12/13),Wild-type,NRAS exon 3 (c61),Wild-type,NRAS exon 4 (c117/146),Wild-type,BRAF exon 15 (c600),Wild-type,PDS310
000263,KRAS exon 2 (c12/13),Mutant,KRAS exon 3 (c61),Wild-type,KRAS exon 4 (c117/146),Wild-type,NRAS exon 2 (c12/13),Wild-type,NRAS exon 3 (c61),Wild-type,NRAS exon 4 (c117/146),Wild-type,BRAF exon 15 (c600),Wild-type,PDS310
000266,KRAS exon 2 (c12/13),Mutant,KRAS exon 3 (c61),Wild-type,KRAS exon 4 (c117/146),Mutant,NRAS exon 2 (c12/13),Wild-type,NRAS exon 3 (c61),Wild-type,NRAS exon 4 (c117/146),Wild-type,BRAF exon 15 (c600),Wild-type,PDS310
000267,KRAS exon 2 (c12/13),Mutant,KRAS exon 3 (c61),Wild-type,KRAS exon 4 (c117/146),Wild-type,NRAS exon 2 (c12/13),Wild-type,NRAS exon 3 (c61),Wild-type,NRAS exon 4 (c117/146),Wild-type,BRAF exon 15 (c600),Failure,PDS310
000268,KRAS exon 2 (c12/13),Wild-type,KRAS exon 3 (c61),Wild-type,KRAS exon 4 (c117/146),Wild-type,NRAS exon 2 (c12/13),Wild-type,NRAS exon 3 (c61),Wild-type,NRAS exon 4 (c117/146),Wild-type,BRAF exon 15 (c600),Wild-type,PDS310
000269,KRAS exon 2 (c12/13),Mutant,KRAS exon 3 (c61),,KRAS exon 4 (c117/146),,NRAS exon 2 (c12/13),,NRAS exon 3 (c61),,NRAS exon 4 (c117/146),,BRAF exon 15 (c600),,PDS310
000271,KRAS exon 2 (c12/13),Wild-type,KRAS exon 3 (c61),Wild-type,KRAS exon 4 (c117/146),Wild-type,NRAS exon 2 (c12/13),Wild-type,NRAS exon 3 (c61),Wild-type,NRAS exon 4 (c117/146),Wild-type,BRAF exon 15 (c600),Wild-type,PDS310
000272,KRAS exon 2 (c12/13),Mutant,KRAS exon 3 (c61),Wild-type,KRAS exon 4 (c117/146),Wild-type,NRAS exon 2 (c12/13),Wild-type,NRAS exon 3 (c61),Wild-type,NRAS exon 4 (c117/146),Wild-type,BRAF exon 15 (c600),Wild-type,PDS310
000273,KRAS exon 2 (c12/13),Wild-type,KRAS exon 3 (c61),,KRAS exon 4 (c117/146),Wild-type,NRAS exon 2 (c12/13),,NRAS exon 3 (c61),,NRAS exon 4 (c117/146),Wild-type,BRAF exon 15 (c600),,PDS310
000275,KRAS exon 2 (c12/13),Wild-type,KRAS exon 3 (c61),Wild-type,KRAS exon 4 (c117/146),Wild-type,NRAS exon 2 (c12/13),Wild-type,NRAS exon 3 (c61),Wild-type,NRAS exon 4 (c117/146),Wild-type,BRAF exon 15 (c600),Wild-type,PDS310
000278,KRAS exon 2 (c12/13),Wild-type,KRAS exon 3 (c61),Wild-type,KRAS exon 4 (c117/146),Wild-type,NRAS exon 2 (c12/13),Wild-type,NRAS exon 3 (c61),Wild-type,NRAS exon 4 (c117/146),Wild-type,BRAF exon 15 (c600),Wild-type,PDS310
000280,KRAS exon 2 (c12/13),Wild-type,KRAS exon 3 (c61),Wild-type,KRAS exon 4 (c117/146),Wild-type,NRAS exon 2 (c12/13),Wild-type,NRAS exon 3 (c61),Wild-type,NRAS exon 4 (c117/146),Wild-type,BRAF exon 15 (c600),Wild-type,PDS310
000281,KRAS exon 2 (c12/13),Wild-type,KRAS exon 3 (c61),Wild-type,KRAS exon 4 (c117/146),Wild-type,NRAS exon 2 (c12/13),Wild-type,NRAS exon 3 (c61),Wild-type,NRAS exon 4 (c117/146),Wild-type,BRAF exon 15 (c600),Wild-type,PDS310
000282,KRAS exon 2 (c12/13),Mutant,KRAS exon 3 (c61),Wild-type,KRAS exon 4 (c117/146),Wild-type,NRAS exon 2 (c12/13),Wild-type,NRAS exon 3 (c61),Wild-type,NRAS exon 4 (c117/146),Wild-type,BRAF exon 15 (c600),Wild-type,PDS310
000283,KRAS exon 2 (c12/13),Failure,KRAS exon 3 (c61),,KRAS exon 4 (c117/146),,NRAS exon 2 (c12/13),,NRAS exon 3 (c61),,NRAS exon 4 (c117/146),,BRAF exon 15 (c600),,PDS310
000284,KRAS exon 2 (c12/13),Wild-type,KRAS exon 3 (c61),,KRAS exon 4 (c117/146),,NRAS exon 2 (c12/13),,NRAS exon 3 (c61),,NRAS exon 4 (c117/146),,BRAF exon 15 (c600),,PDS310
000285,KRAS exon 2 (c12/13),Mutant,KRAS exon 3 (c61),Wild-type,KRAS exon 4 (c117/146),Wild-type,NRAS exon 2 (c12/13),Wild-type,NRAS exon 3 (c61),Wild-type,NRAS exon 4 (c117/146),Wild-type,BRAF exon 15 (c600),Wild-type,PDS310
000286,KRAS exon 2 (c12/13),Wild-type,KRAS exon 3 (c61),,KRAS exon 4 (c117/146),,NRAS exon 2 (c12/13),,NRAS exon 3 (c61),,NRAS exon 4 (c117/146),,BRAF exon 15 (c600),,PDS310
000287,KRAS exon 2 (c12/13),Wild-type,KRAS exon 3 (c61),Wild-type,KRAS exon 4 (c117/146),Failure,NRAS exon 2 (c12/13),Wild-type,NRAS exon 3 (c61),Wild-type,NRAS exon 4 (c117/146),Failure,BRAF exon 15 (c600),Wild-type,PDS310
000287,KRAS exon 2 (c12/13),Wild-type,KRAS exon 3 (c61),Wild-type,KRAS exon 4 (c117/146),Wild-type,NRAS exon 2 (c12/13),Wild-type,NRAS exon 3 (c61),Wild-type,NRAS exon 4 (c117/146),Wild-type,BRAF exon 15 (c600),Wild-type,PDS310
000288,KRAS exon 2 (c12/13),Wild-type,KRAS exon 3 (c61),,KRAS exon 4 (c117/146),,NRAS exon 2 (c12/13),,NRAS exon 3 (c61),,NRAS exon 4 (c117/146),,BRAF exon 15 (c600),,PDS310
000289,KRAS exon 2 (c12/13),Wild-type,KRAS exon 3 (c61),,KRAS exon 4 (c117/146),Wild-type,NRAS exon 2 (c12/13),,NRAS exon 3 (c61),,NRAS exon 4 (c117/146),Wild-type,BRAF exon 15 (c600),,PDS310
000290,KRAS exon 2 (c12/13),Wild-type,KRAS exon 3 (c61),Wild-type,KRAS exon 4 (c117/146),Wild-type,NRAS exon 2 (c12/13),Wild-type,NRAS exon 3 (c61),Wild-type,NRAS exon 4 (c117/146),Wild-type,BRAF exon 15 (c600),Wild-type,PDS310
000291,KRAS exon 2 (c12/13),Mutant,KRAS exon 3 (c61),Wild-type,KRAS exon 4 (c117/146),Wild-type,NRAS exon 2 (c12/13),Wild-type,NRAS exon 3 (c61),Wild-type,NRAS exon 4 (c117/146),Wild-type,BRAF exon 15 (c600),Wild-type,PDS310
000292,KRAS exon 2 (c12/13),Mutant,KRAS exon 3 (c61),Wild-type,KRAS exon 4 (c117/146),Wild-type,NRAS exon 2 (c12/13),Wild-type,NRAS exon 3 (c61),Wild-type,NRAS exon 4 (c117/146),Wild-type,BRAF exon 15 (c600),Wild-type,PDS310
000293,KRAS exon 2 (c12/13),Wild-type,KRAS exon 3 (c61),Wild-type,KRAS exon 4 (c117/146),Wild-type,NRAS exon 2 (c12/13),Wild-type,NRAS exon 3 (c61),Wild-type,NRAS exon 4 (c117/146),Wild-type,BRAF exon 15 (c600),Wild-type,PDS310
000294,KRAS exon 2 (c12/13),Mutant,KRAS exon 3 (c61),,KRAS exon 4 (c117/146),,NRAS exon 2 (c12/13),,NRAS exon 3 (c61),,NRAS exon 4 (c117/146),,BRAF exon 15 (c600),,PDS310
000296,KRAS exon 2 (c12/13),Mutant,KRAS exon 3 (c61),Wild-type,KRAS exon 4 (c117/146),Wild-type,NRAS exon 2 (c12/13),Wild-type,NRAS exon 3 (c61),Wild-type,NRAS exon 4 (c117/146),Failure,BRAF exon 15 (c600),Failure,PDS310
000296,KRAS exon 2 (c12/13),Mutant,KRAS exon 3 (c61),Wild-type,KRAS exon 4 (c117/146),Wild-type,NRAS exon 2 (c12/13),Wild-type,NRAS exon 3 (c61),Wild-type,NRAS exon 4 (c117/146),Wild-type,BRAF exon 15 (c600),Failure,PDS310
000298,KRAS exon 2 (c12/13),Mutant,KRAS exon 3 (c61),,KRAS exon 4 (c117/146),Wild-type,NRAS exon 2 (c12/13),,NRAS exon 3 (c61),,NRAS exon 4 (c117/146),Wild-type,BRAF exon 15 (c600),,PDS310
000299,KRAS exon 2 (c12/13),Wild-type,KRAS exon 3 (c61),Wild-type,KRAS exon 4 (c117/146),Wild-type,NRAS exon 2 (c12/13),Wild-type,NRAS exon 3 (c61),Wild-type,NRAS exon 4 (c117/146),Wild-type,BRAF exon 15 (c600),Wild-type,PDS310
000300,KRAS exon 2 (c12/13),Mutant,KRAS exon 3 (c61),Wild-type,KRAS exon 4 (c117/146),Wild-type,NRAS exon 2 (c12/13),Wild-type,NRAS exon 3 (c61),Wild-type,NRAS exon 4 (c117/146),Wild-type,BRAF exon 15 (c600),Failure,PDS310
000301,KRAS exon 2 (c12/13),Wild-type,KRAS exon 3 (c61),Wild-type,KRAS exon 4 (c117/146),Wild-type,NRAS exon 2 (c12/13),Wild-type,NRAS exon 3 (c61),Wild-type,NRAS exon 4 (c117/146),Wild-type,BRAF exon 15 (c600),Wild-type,PDS310
000303,KRAS exon 2 (c12/13),Wild-type,KRAS exon 3 (c61),Wild-type,KRAS exon 4 (c117/146),Wild-type,NRAS exon 2 (c12/13),Wild-type,NRAS exon 3 (c61),Wild-type,NRAS exon 4 (c117/146),Wild-type,BRAF exon 15 (c600),Mutant,PDS310
000304,KRAS exon 2 (c12/13),Wild-type,KRAS exon 3 (c61),Mutant,KRAS exon 4 (c117/146),Wild-type,NRAS exon 2 (c12/13),Wild-type,NRAS exon 3 (c61),Wild-type,NRAS exon 4 (c117/146),Wild-type,BRAF exon 15 (c600),Wild-type,PDS310
000305,KRAS exon 2 (c12/13),Mutant,KRAS exon 3 (c61),Wild-type,KRAS exon 4 (c117/146),Failure,NRAS exon 2 (c12/13),Wild-type,NRAS exon 3 (c61),Wild-type,NRAS exon 4 (c117/146),Wild-type,BRAF exon 15 (c600),Wild-type,PDS310
000306,KRAS exon 2 (c12/13),Wild-type,KRAS exon 3 (c61),Wild-type,KRAS exon 4 (c117/146),Wild-type,NRAS exon 2 (c12/13),Wild-type,NRAS exon 3 (c61),Wild-type,NRAS exon 4 (c117/146),Wild-type,BRAF exon 15 (c600),Wild-type,PDS310
000307,KRAS exon 2 (c12/13),Wild-type,KRAS exon 3 (c61),,KRAS exon 4 (c117/146),,NRAS exon 2 (c12/13),,NRAS exon 3 (c61),,NRAS exon 4 (c117/146),,BRAF exon 15 (c600),,PDS310
000308,KRAS exon 2 (c12/13),Wild-type,KRAS exon 3 (c61),Wild-type,KRAS exon 4 (c117/146),Wild-type,NRAS exon 2 (c12/13),Wild-type,NRAS exon 3 (c61),Wild-type,NRAS exon 4 (c117/146),Wild-type,BRAF exon 15 (c600),Wild-type,PDS310
000309,KRAS exon 2 (c12/13),Failure,KRAS exon 3 (c61),,KRAS exon 4 (c117/146),,NRAS exon 2 (c12/13),,NRAS exon 3 (c61),,NRAS exon 4 (c117/146),,BRAF exon 15 (c600),,PDS310
000311,KRAS exon 2 (c12/13),Mutant,KRAS exon 3 (c61),,KRAS exon 4 (c117/146),,NRAS exon 2 (c12/13),,NRAS exon 3 (c61),,NRAS exon 4 (c117/146),,BRAF exon 15 (c600),,PDS310
000312,KRAS exon 2 (c12/13),Wild-type,KRAS exon 3 (c61),Wild-type,KRAS exon 4 (c117/146),Wild-type,NRAS exon 2 (c12/13),Wild-type,NRAS exon 3 (c61),Wild-type,NRAS exon 4 (c117/146),Wild-type,BRAF exon 15 (c600),Wild-type,PDS310
000313,KRAS exon 2 (c12/13),Mutant,KRAS exon 3 (c61),Wild-type,KRAS exon 4 (c117/146),Wild-type,NRAS exon 2 (c12/13),Wild-type,NRAS exon 3 (c61),Wild-type,NRAS exon 4 (c117/146),Wild-type,BRAF exon 15 (c600),Wild-type,PDS310
000314,KRAS exon 2 (c12/13),Mutant,KRAS exon 3 (c61),Wild-type,KRAS exon 4 (c117/146),Wild-type,NRAS exon 2 (c12/13),Wild-type,NRAS exon 3 (c61),Wild-type,NRAS exon 4 (c117/146),Wild-type,BRAF exon 15 (c600),Wild-type,PDS310
000315,KRAS exon 2 (c12/13),Mutant,KRAS exon 3 (c61),,KRAS exon 4 (c117/146),,NRAS exon 2 (c12/13),,NRAS exon 3 (c61),,NRAS exon 4 (c117/146),,BRAF exon 15 (c600),,PDS310
000316,KRAS exon 2 (c12/13),Mutant,KRAS exon 3 (c61),,KRAS exon 4 (c117/146),,NRAS exon 2 (c12/13),,NRAS exon 3 (c61),,NRAS exon 4 (c117/146),,BRAF exon 15 (c600),,PDS310
000317,KRAS exon 2 (c12/13),Failure,KRAS exon 3 (c61),Wild-type,KRAS exon 4 (c117/146),Wild-type,NRAS exon 2 (c12/13),Wild-type,NRAS exon 3 (c61),Wild-type,NRAS exon 4 (c117/146),Wild-type,BRAF exon 15 (c600),Wild-type,PDS310
000318,KRAS exon 2 (c12/13),Mutant,KRAS exon 3 (c61),Wild-type,KRAS exon 4 (c117/146),Mutant,NRAS exon 2 (c12/13),Wild-type,NRAS exon 3 (c61),Wild-type,NRAS exon 4 (c117/146),Wild-type,BRAF exon 15 (c600),Mutant,PDS310
000319,KRAS exon 2 (c12/13),Mutant,KRAS exon 3 (c61),Wild-type,KRAS exon 4 (c117/146),Wild-type,NRAS exon 2 (c12/13),Wild-type,NRAS exon 3 (c61),Wild-type,NRAS exon 4 (c117/146),Wild-type,BRAF exon 15 (c600),Wild-type,PDS310
000320,KRAS exon 2 (c12/13),Wild-type,KRAS exon 3 (c61),Wild-type,KRAS exon 4 (c117/146),Wild-type,NRAS exon 2 (c12/13),Wild-type,NRAS exon 3 (c61),Wild-type,NRAS exon 4 (c117/146),Wild-type,BRAF exon 15 (c600),Wild-type,PDS310
000321,KRAS exon 2 (c12/13),Wild-type,KRAS exon 3 (c61),Mutant,KRAS exon 4 (c117/146),Wild-type,NRAS exon 2 (c12/13),Wild-type,NRAS exon 3 (c61),Wild-type,NRAS exon 4 (c117/146),Wild-type,BRAF exon 15 (c600),Wild-type,PDS310
000322,KRAS exon 2 (c12/13),Mutant,KRAS exon 3 (c61),Wild-type,KRAS exon 4 (c117/146),Wild-type,NRAS exon 2 (c12/13),Wild-type,NRAS exon 3 (c61),Wild-type,NRAS exon 4 (c117/146),Wild-type,BRAF exon 15 (c600),Wild-type,PDS310
000323,KRAS exon 2 (c12/13),Wild-type,KRAS exon 3 (c61),,KRAS exon 4 (c117/146),,NRAS exon 2 (c12/13),,NRAS exon 3 (c61),,NRAS exon 4 (c117/146),,BRAF exon 15 (c600),,PDS310
000324,KRAS exon 2 (c12/13),Wild-type,KRAS exon 3 (c61),Wild-type,KRAS exon 4 (c117/146),Wild-type,NRAS exon 2 (c12/13),Wild-type,NRAS exon 3 (c61),Wild-type,NRAS exon 4 (c117/146),Mutant,BRAF exon 15 (c600),Wild-type,PDS310
000325,KRAS exon 2 (c12/13),Wild-type,KRAS exon 3 (c61),Wild-type,KRAS exon 4 (c117/146),Wild-type,NRAS exon 2 (c12/13),Wild-type,NRAS exon 3 (c61),Wild-type,NRAS exon 4 (c117/146),Wild-type,BRAF exon 15 (c600),Mutant,PDS310
000326,KRAS exon 2 (c12/13),Mutant,KRAS exon 3 (c61),,KRAS exon 4 (c117/146),,NRAS exon 2 (c12/13),,NRAS exon 3 (c61),,NRAS exon 4 (c117/146),,BRAF exon 15 (c600),,PDS310
000327,KRAS exon 2 (c12/13),Wild-type,KRAS exon 3 (c61),Wild-type,KRAS exon 4 (c117/146),Wild-type,NRAS exon 2 (c12/13),Wild-type,NRAS exon 3 (c61),Wild-type,NRAS exon 4 (c117/146),Wild-type,BRAF exon 15 (c600),Wild-type,PDS310
000329,KRAS exon 2 (c12/13),Wild-type,KRAS exon 3 (c61),Wild-type,KRAS exon 4 (c117/146),Wild-type,NRAS exon 2 (c12/13),Wild-type,NRAS exon 3 (c61),Wild-type,NRAS exon 4 (c117/146),Wild-type,BRAF exon 15 (c600),Wild-type,PDS310
000330,KRAS exon 2 (c12/13),Mutant,KRAS exon 3 (c61),Wild-type,KRAS exon 4 (c117/146),Wild-type,NRAS exon 2 (c12/13),Wild-type,NRAS exon 3 (c61),Wild-type,NRAS exon 4 (c117/146),Wild-type,BRAF exon 15 (c600),Wild-type,PDS310
000331,KRAS exon 2 (c12/13),Wild-type,KRAS exon 3 (c61),Wild-type,KRAS exon 4 (c117/146),Wild-type,NRAS exon 2 (c12/13),Wild-type,NRAS exon 3 (c61),Wild-type,NRAS exon 4 (c117/146),Wild-type,BRAF exon 15 (c600),Wild-type,PDS310
000332,KRAS exon 2 (c12/13),Wild-type,KRAS exon 3 (c61),Wild-type,KRAS exon 4 (c117/146),Wild-type,NRAS exon 2 (c12/13),Wild-type,NRAS exon 3 (c61),Wild-type,NRAS exon 4 (c117/146),Wild-type,BRAF exon 15 (c600),Mutant,PDS310
000333,KRAS exon 2 (c12/13),Wild-type,KRAS exon 3 (c61),Wild-type,KRAS exon 4 (c117/146),Wild-type,NRAS exon 2 (c12/13),Wild-type,NRAS exon 3 (c61),Wild-type,NRAS exon 4 (c117/146),Wild-type,BRAF exon 15 (c600),Wild-type,PDS310
000334,KRAS exon 2 (c12/13),Failure,KRAS exon 3 (c61),,KRAS exon 4 (c117/146),,NRAS exon 2 (c12/13),,NRAS exon 3 (c61),,NRAS exon 4 (c117/146),,BRAF exon 15 (c600),,PDS310
000335,KRAS exon 2 (c12/13),Wild-type,KRAS exon 3 (c61),,KRAS exon 4 (c117/146),Wild-type,NRAS exon 2 (c12/13),,NRAS exon 3 (c61),,NRAS exon 4 (c117/146),Wild-type,BRAF exon 15 (c600),,PDS310
000336,KRAS exon 2 (c12/13),Wild-type,KRAS exon 3 (c61),,KRAS exon 4 (c117/146),,NRAS exon 2 (c12/13),,NRAS exon 3 (c61),,NRAS exon 4 (c117/146),,BRAF exon 15 (c600),,PDS310
000338,KRAS exon 2 (c12/13),Mutant,KRAS exon 3 (c61),,KRAS exon 4 (c117/146),,NRAS exon 2 (c12/13),,NRAS exon 3 (c61),,NRAS exon 4 (c117/146),,BRAF exon 15 (c600),,PDS310
000339,KRAS exon 2 (c12/13),Mutant,KRAS exon 3 (c61),Wild-type,KRAS exon 4 (c117/146),Wild-type,NRAS exon 2 (c12/13),Wild-type,NRAS exon 3 (c61),Wild-type,NRAS exon 4 (c117/146),Wild-type,BRAF exon 15 (c600),Wild-type,PDS310
000340,KRAS exon 2 (c12/13),Wild-type,KRAS exon 3 (c61),,KRAS exon 4 (c117/146),Wild-type,NRAS exon 2 (c12/13),,NRAS exon 3 (c61),,NRAS exon 4 (c117/146),Wild-type,BRAF exon 15 (c600),,PDS310
000341,KRAS exon 2 (c12/13),Wild-type,KRAS exon 3 (c61),Wild-type,KRAS exon 4 (c117/146),Wild-type,NRAS exon 2 (c12/13),Wild-type,NRAS exon 3 (c61),Wild-type,NRAS exon 4 (c117/146),Wild-type,BRAF exon 15 (c600),Wild-type,PDS310
000342,KRAS exon 2 (c12/13),Mutant,KRAS exon 3 (c61),Wild-type,KRAS exon 4 (c117/146),Wild-type,NRAS exon 2 (c12/13),Wild-type,NRAS exon 3 (c61),Wild-type,NRAS exon 4 (c117/146),Wild-type,BRAF exon 15 (c600),Wild-type,PDS310
000343,KRAS exon 2 (c12/13),Wild-type,KRAS exon 3 (c61),,KRAS exon 4 (c117/146),,NRAS exon 2 (c12/13),,NRAS exon 3 (c61),,NRAS exon 4 (c117/146),,BRAF exon 15 (c600),,PDS310
000344,KRAS exon 2 (c12/13),Mutant,KRAS exon 3 (c61),Wild-type,KRAS exon 4 (c117/146),Wild-type,NRAS exon 2 (c12/13),Wild-type,NRAS exon 3 (c61),Wild-type,NRAS exon 4 (c117/146),Wild-type,BRAF exon 15 (c600),Wild-type,PDS310
000345,KRAS exon 2 (c12/13),Wild-type,KRAS exon 3 (c61),Wild-type,KRAS exon 4 (c117/146),Wild-type,NRAS exon 2 (c12/13),Wild-type,NRAS exon 3 (c61),Wild-type,NRAS exon 4 (c117/146),Wild-type,BRAF exon 15 (c600),Wild-type,PDS310
000347,KRAS exon 2 (c12/13),Wild-type,KRAS exon 3 (c61),,KRAS exon 4 (c117/146),,NRAS exon 2 (c12/13),,NRAS exon 3 (c61),,NRAS exon 4 (c117/146),,BRAF exon 15 (c600),,PDS310
000348,KRAS exon 2 (c12/13),Mutant,KRAS exon 3 (c61),Wild-type,KRAS exon 4 (c117/146),Wild-type,NRAS exon 2 (c12/13),Wild-type,NRAS exon 3 (c61),Wild-type,NRAS exon 4 (c117/146),Wild-type,BRAF exon 15 (c600),Mutant,PDS310
000349,KRAS exon 2 (c12/13),Mutant,KRAS exon 3 (c61),,KRAS exon 4 (c117/146),,NRAS exon 2 (c12/13),,NRAS exon 3 (c61),,NRAS exon 4 (c117/146),,BRAF exon 15 (c600),,PDS310
000350,KRAS exon 2 (c12/13),Failure,KRAS exon 3 (c61),,KRAS exon 4 (c117/146),,NRAS exon 2 (c12/13),,NRAS exon 3 (c61),,NRAS exon 4 (c117/146),,BRAF exon 15 (c600),,PDS310
000353,KRAS exon 2 (c12/13),Wild-type,KRAS exon 3 (c61),,KRAS exon 4 (c117/146),,NRAS exon 2 (c12/13),,NRAS exon 3 (c61),,NRAS exon 4 (c117/146),,BRAF exon 15 (c600),,PDS310
000354,KRAS exon 2 (c12/13),Failure,KRAS exon 3 (c61),,KRAS exon 4 (c117/146),Wild-type,NRAS exon 2 (c12/13),,NRAS exon 3 (c61),,NRAS exon 4 (c117/146),Wild-type,BRAF exon 15 (c600),,PDS310
000356,KRAS exon 2 (c12/13),Mutant,KRAS exon 3 (c61),Wild-type,KRAS exon 4 (c117/146),Wild-type,NRAS exon 2 (c12/13),Wild-type,NRAS exon 3 (c61),Wild-type,NRAS exon 4 (c117/146),Wild-type,BRAF exon 15 (c600),Failure,PDS310
000357,KRAS exon 2 (c12/13),Wild-type,KRAS exon 3 (c61),,KRAS exon 4 (c117/146),,NRAS exon 2 (c12/13),,NRAS exon 3 (c61),,NRAS exon 4 (c117/146),,BRAF exon 15 (c600),,PDS310
000358,KRAS exon 2 (c12/13),Wild-type,KRAS exon 3 (c61),Wild-type,KRAS exon 4 (c117/146),Wild-type,NRAS exon 2 (c12/13),Wild-type,NRAS exon 3 (c61),Wild-type,NRAS exon 4 (c117/146),Wild-type,BRAF exon 15 (c600),Wild-type,PDS310
000359,KRAS exon 2 (c12/13),Wild-type,KRAS exon 3 (c61),,KRAS exon 4 (c117/146),Wild-type,NRAS exon 2 (c12/13),,NRAS exon 3 (c61),,NRAS exon 4 (c117/146),Wild-type,BRAF exon 15 (c600),,PDS310
000360,KRAS exon 2 (c12/13),Wild-type,KRAS exon 3 (c61),Wild-type,KRAS exon 4 (c117/146),Failure,NRAS exon 2 (c12/13),Wild-type,NRAS exon 3 (c61),Mutant,NRAS exon 4 (c117/146),Failure,BRAF exon 15 (c600),Wild-type,PDS310
000360,KRAS exon 2 (c12/13),Wild-type,KRAS exon 3 (c61),Wild-type,KRAS exon 4 (c117/146),Wild-type,NRAS exon 2 (c12/13),Wild-type,NRAS exon 3 (c61),Mutant,NRAS exon 4 (c117/146),Wild-type,BRAF exon 15 (c600),Wild-type,PDS310
000361,KRAS exon 2 (c12/13),Wild-type,KRAS exon 3 (c61),Wild-type,KRAS exon 4 (c117/146),Wild-type,NRAS exon 2 (c12/13),Wild-type,NRAS exon 3 (c61),Wild-type,NRAS exon 4 (c117/146),Wild-type,BRAF exon 15 (c600),Wild-type,PDS310
000362,KRAS exon 2 (c12/13),Wild-type,KRAS exon 3 (c61),Wild-type,KRAS exon 4 (c117/146),Wild-type,NRAS exon 2 (c12/13),Wild-type,NRAS exon 3 (c61),Mutant,NRAS exon 4 (c117/146),Wild-type,BRAF exon 15 (c600),Wild-type,PDS310
000363,KRAS exon 2 (c12/13),Mutant,KRAS exon 3 (c61),,KRAS exon 4 (c117/146),,NRAS exon 2 (c12/13),,NRAS exon 3 (c61),,NRAS exon 4 (c117/146),,BRAF exon 15 (c600),,PDS310
000364,KRAS exon 2 (c12/13),Mutant,KRAS exon 3 (c61),Wild-type,KRAS exon 4 (c117/146),Wild-type,NRAS exon 2 (c12/13),Wild-type,NRAS exon 3 (c61),Wild-type,NRAS exon 4 (c117/146),Wild-type,BRAF exon 15 (c600),Wild-type,PDS310
000366,KRAS exon 2 (c12/13),Mutant,KRAS exon 3 (c61),Wild-type,KRAS exon 4 (c117/146),Wild-type,NRAS exon 2 (c12/13),Wild-type,NRAS exon 3 (c61),Wild-type,NRAS exon 4 (c117/146),Failure,BRAF exon 15 (c600),Failure,PDS310
000367,KRAS exon 2 (c12/13),Mutant,KRAS exon 3 (c61),Wild-type,KRAS exon 4 (c117/146),Wild-type,NRAS exon 2 (c12/13),Wild-type,NRAS exon 3 (c61),Wild-type,NRAS exon 4 (c117/146),Wild-type,BRAF exon 15 (c600),Failure,PDS310
000369,KRAS exon 2 (c12/13),Mutant,KRAS exon 3 (c61),Wild-type,KRAS exon 4 (c117/146),Wild-type,NRAS exon 2 (c12/13),Failure,NRAS exon 3 (c61),Wild-type,NRAS exon 4 (c117/146),Wild-type,BRAF exon 15 (c600),Failure,PDS310
000370,KRAS exon 2 (c12/13),Wild-type,KRAS exon 3 (c61),,KRAS exon 4 (c117/146),,NRAS exon 2 (c12/13),,NRAS exon 3 (c61),,NRAS exon 4 (c117/146),,BRAF exon 15 (c600),,PDS310
000371,KRAS exon 2 (c12/13),Mutant,KRAS exon 3 (c61),,KRAS exon 4 (c117/146),,NRAS exon 2 (c12/13),,NRAS exon 3 (c61),,NRAS exon 4 (c117/146),,BRAF exon 15 (c600),,PDS310
000372,KRAS exon 2 (c12/13),Failure,KRAS exon 3 (c61),Wild-type,KRAS exon 4 (c117/146),Wild-type,NRAS exon 2 (c12/13),Wild-type,NRAS exon 3 (c61),Wild-type,NRAS exon 4 (c117/146),Wild-type,BRAF exon 15 (c600),Wild-type,PDS310
000373,KRAS exon 2 (c12/13),Wild-type,KRAS exon 3 (c61),Wild-type,KRAS exon 4 (c117/146),Wild-type,NRAS exon 2 (c12/13),Wild-type,NRAS exon 3 (c61),Wild-type,NRAS exon 4 (c117/146),Wild-type,BRAF exon 15 (c600),Wild-type,PDS310
000374,KRAS exon 2 (c12/13),Wild-type,KRAS exon 3 (c61),Wild-type,KRAS exon 4 (c117/146),Wild-type,NRAS exon 2 (c12/13),Wild-type,NRAS exon 3 (c61),Wild-type,NRAS exon 4 (c117/146),Wild-type,BRAF exon 15 (c600),Wild-type,PDS310
000375,KRAS exon 2 (c12/13),Wild-type,KRAS exon 3 (c61),,KRAS exon 4 (c117/146),,NRAS exon 2 (c12/13),,NRAS exon 3 (c61),,NRAS exon 4 (c117/146),,BRAF exon 15 (c600),,PDS310
000376,KRAS exon 2 (c12/13),Wild-type,KRAS exon 3 (c61),Wild-type,KRAS exon 4 (c117/146),Wild-type,NRAS exon 2 (c12/13),Wild-type,NRAS exon 3 (c61),Wild-type,NRAS exon 4 (c117/146),Wild-type,BRAF exon 15 (c600),Wild-type,PDS310
000377,KRAS exon 2 (c12/13),Failure,KRAS exon 3 (c61),,KRAS exon 4 (c117/146),,NRAS exon 2 (c12/13),,NRAS exon 3 (c61),,NRAS exon 4 (c117/146),,BRAF exon 15 (c600),,PDS310
000378,KRAS exon 2 (c12/13),Mutant,KRAS exon 3 (c61),Wild-type,KRAS exon 4 (c117/146),Wild-type,NRAS exon 2 (c12/13),Wild-type,NRAS exon 3 (c61),Wild-type,NRAS exon 4 (c117/146),Wild-type,BRAF exon 15 (c600),Wild-type,PDS310
000379,KRAS exon 2 (c12/13),Mutant,KRAS exon 3 (c61),Wild-type,KRAS exon 4 (c117/146),Wild-type,NRAS exon 2 (c12/13),Wild-type,NRAS exon 3 (c61),Wild-type,NRAS exon 4 (c117/146),Wild-type,BRAF exon 15 (c600),Failure,PDS310
000380,KRAS exon 2 (c12/13),Wild-type,KRAS exon 3 (c61),Wild-type,KRAS exon 4 (c117/146),Mutant,NRAS exon 2 (c12/13),Wild-type,NRAS exon 3 (c61),Wild-type,NRAS exon 4 (c117/146),Wild-type,BRAF exon 15 (c600),Wild-type,PDS310
000381,KRAS exon 2 (c12/13),Wild-type,KRAS exon 3 (c61),Wild-type,KRAS exon 4 (c117/146),Wild-type,NRAS exon 2 (c12/13),Wild-type,NRAS exon 3 (c61),Wild-type,NRAS exon 4 (c117/146),Wild-type,BRAF exon 15 (c600),Wild-type,PDS310
000382,KRAS exon 2 (c12/13),Mutant,KRAS exon 3 (c61),,KRAS exon 4 (c117/146),,NRAS exon 2 (c12/13),,NRAS exon 3 (c61),,NRAS exon 4 (c117/146),,BRAF exon 15 (c600),,PDS310
000383,KRAS exon 2 (c12/13),Failure,KRAS exon 3 (c61),Wild-type,KRAS exon 4 (c117/146),Wild-type,NRAS exon 2 (c12/13),Wild-type,NRAS exon 3 (c61),Wild-type,NRAS exon 4 (c117/146),Wild-type,BRAF exon 15 (c600),Failure,PDS310
000383,KRAS exon 2 (c12/13),Failure,KRAS exon 3 (c61),Wild-type,KRAS exon 4 (c117/146),Wild-type,NRAS exon 2 (c12/13),Wild-type,NRAS exon 3 (c61),Wild-type,NRAS exon 4 (c117/146),Wild-type,BRAF exon 15 (c600),Failure,PDS310
000384,KRAS exon 2 (c12/13),Wild-type,KRAS exon 3 (c61),Wild-type,KRAS exon 4 (c117/146),Wild-type,NRAS exon 2 (c12/13),Mutant,NRAS exon 3 (c61),Wild-type,NRAS exon 4 (c117/146),Wild-type,BRAF exon 15 (c600),Wild-type,PDS310
000385,KRAS exon 2 (c12/13),Wild-type,KRAS exon 3 (c61),Wild-type,KRAS exon 4 (c117/146),Wild-type,NRAS exon 2 (c12/13),Wild-type,NRAS exon 3 (c61),Wild-type,NRAS exon 4 (c117/146),Wild-type,BRAF exon 15 (c600),Wild-type,PDS310
000387,KRAS exon 2 (c12/13),Wild-type,KRAS exon 3 (c61),Wild-type,KRAS exon 4 (c117/146),Wild-type,NRAS exon 2 (c12/13),Wild-type,NRAS exon 3 (c61),Wild-type,NRAS exon 4 (c117/146),Wild-type,BRAF exon 15 (c600),Wild-type,PDS310
000389,KRAS exon 2 (c12/13),Wild-type,KRAS exon 3 (c61),Wild-type,KRAS exon 4 (c117/146),Wild-type,NRAS exon 2 (c12/13),Wild-type,NRAS exon 3 (c61),Wild-type,NRAS exon 4 (c117/146),Wild-type,BRAF exon 15 (c600),Wild-type,PDS310
000390,KRAS exon 2 (c12/13),Mutant,KRAS exon 3 (c61),,KRAS exon 4 (c117/146),,NRAS exon 2 (c12/13),,NRAS exon 3 (c61),,NRAS exon 4 (c117/146),,BRAF exon 15 (c600),,PDS310
000392,KRAS exon 2 (c12/13),Mutant,KRAS exon 3 (c61),,KRAS exon 4 (c117/146),,NRAS exon 2 (c12/13),,NRAS exon 3 (c61),,NRAS exon 4 (c117/146),,BRAF exon 15 (c600),,PDS310
000393,KRAS exon 2 (c12/13),Wild-type,KRAS exon 3 (c61),,KRAS exon 4 (c117/146),,NRAS exon 2 (c12/13),,NRAS exon 3 (c61),,NRAS exon 4 (c117/146),,BRAF exon 15 (c600),,PDS310
000394,KRAS exon 2 (c12/13),Wild-type,KRAS exon 3 (c61),Wild-type,KRAS exon 4 (c117/146),Wild-type,NRAS exon 2 (c12/13),Wild-type,NRAS exon 3 (c61),Wild-type,NRAS exon 4 (c117/146),Wild-type,BRAF exon 15 (c600),Wild-type,PDS310
000395,KRAS exon 2 (c12/13),Failure,KRAS exon 3 (c61),Wild-type,KRAS exon 4 (c117/146),Wild-type,NRAS exon 2 (c12/13),Failure,NRAS exon 3 (c61),Failure,NRAS exon 4 (c117/146),Wild-type,BRAF exon 15 (c600),Mutant,PDS310
000396,KRAS exon 2 (c12/13),Wild-type,KRAS exon 3 (c61),Wild-type,KRAS exon 4 (c117/146),Wild-type,NRAS exon 2 (c12/13),Wild-type,NRAS exon 3 (c61),Wild-type,NRAS exon 4 (c117/146),Wild-type,BRAF exon 15 (c600),Wild-type,PDS310
000397,KRAS exon 2 (c12/13),Wild-type,KRAS exon 3 (c61),Wild-type,KRAS exon 4 (c117/146),Failure,NRAS exon 2 (c12/13),Wild-type,NRAS exon 3 (c61),Wild-type,NRAS exon 4 (c117/146),Wild-type,BRAF exon 15 (c600),Failure,PDS310
000397,KRAS exon 2 (c12/13),Wild-type,KRAS exon 3 (c61),Wild-type,KRAS exon 4 (c117/146),Wild-type,NRAS exon 2 (c12/13),Wild-type,NRAS exon 3 (c61),Wild-type,NRAS exon 4 (c117/146),Wild-type,BRAF exon 15 (c600),Failure,PDS310
000398,KRAS exon 2 (c12/13),Wild-type,KRAS exon 3 (c61),Wild-type,KRAS exon 4 (c117/146),Failure,NRAS exon 2 (c12/13),Wild-type,NRAS exon 3 (c61),Wild-type,NRAS exon 4 (c117/146),Wild-type,BRAF exon 15 (c600),Wild-type,PDS310
000398,KRAS exon 2 (c12/13),Wild-type,KRAS exon 3 (c61),Wild-type,KRAS exon 4 (c117/146),Wild-type,NRAS exon 2 (c12/13),Wild-type,NRAS exon 3 (c61),Wild-type,NRAS exon 4 (c117/146),Wild-type,BRAF exon 15 (c600),Wild-type,PDS310
000400,KRAS exon 2 (c12/13),Failure,KRAS exon 3 (c61),,KRAS exon 4 (c117/146),,NRAS exon 2 (c12/13),,NRAS exon 3 (c61),,NRAS exon 4 (c117/146),,BRAF exon 15 (c600),,PDS310
000403,KRAS exon 2 (c12/13),Wild-type,KRAS exon 3 (c61),Wild-type,KRAS exon 4 (c117/146),Wild-type,NRAS exon 2 (c12/13),Wild-type,NRAS exon 3 (c61),Wild-type,NRAS exon 4 (c117/146),Wild-type,BRAF exon 15 (c600),Mutant,PDS310
000404,KRAS exon 2 (c12/13),Wild-type,KRAS exon 3 (c61),Wild-type,KRAS exon 4 (c117/146),Wild-type,NRAS exon 2 (c12/13),Wild-type,NRAS exon 3 (c61),Wild-type,NRAS exon 4 (c117/146),Wild-type,BRAF exon 15 (c600),Wild-type,PDS310
000405,KRAS exon 2 (c12/13),Wild-type,KRAS exon 3 (c61),Wild-type,KRAS exon 4 (c117/146),Wild-type,NRAS exon 2 (c12/13),Wild-type,NRAS exon 3 (c61),Wild-type,NRAS exon 4 (c117/146),Wild-type,BRAF exon 15 (c600),Wild-type,PDS310
000406,KRAS exon 2 (c12/13),Wild-type,KRAS exon 3 (c61),Wild-type,KRAS exon 4 (c117/146),Wild-type,NRAS exon 2 (c12/13),Wild-type,NRAS exon 3 (c61),Wild-type,NRAS exon 4 (c117/146),Wild-type,BRAF exon 15 (c600),Failure,PDS310
000407,KRAS exon 2 (c12/13),Mutant,KRAS exon 3 (c61),,KRAS exon 4 (c117/146),,NRAS exon 2 (c12/13),,NRAS exon 3 (c61),,NRAS exon 4 (c117/146),,BRAF exon 15 (c600),,PDS310
000409,KRAS exon 2 (c12/13),Wild-type,KRAS exon 3 (c61),Failure,KRAS exon 4 (c117/146),Failure,NRAS exon 2 (c12/13),Failure,NRAS exon 3 (c61),Wild-type,NRAS exon 4 (c117/146),Failure,BRAF exon 15 (c600),Failure,PDS310
000409,KRAS exon 2 (c12/13),Wild-type,KRAS exon 3 (c61),Failure,KRAS exon 4 (c117/146),Wild-type,NRAS exon 2 (c12/13),Failure,NRAS exon 3 (c61),Wild-type,NRAS exon 4 (c117/146),Wild-type,BRAF exon 15 (c600),Failure,PDS310
000410,KRAS exon 2 (c12/13),Wild-type,KRAS exon 3 (c61),Wild-type,KRAS exon 4 (c117/146),Wild-type,NRAS exon 2 (c12/13),Wild-type,NRAS exon 3 (c61),Wild-type,NRAS exon 4 (c117/146),Wild-type,BRAF exon 15 (c600),Wild-type,PDS310
000414,KRAS exon 2 (c12/13),Wild-type,KRAS exon 3 (c61),Wild-type,KRAS exon 4 (c117/146),Wild-type,NRAS exon 2 (c12/13),Wild-type,NRAS exon 3 (c61),Wild-type,NRAS exon 4 (c117/146),Wild-type,BRAF exon 15 (c600),Wild-type,PDS310
000415,KRAS exon 2 (c12/13),Wild-type,KRAS exon 3 (c61),Wild-type,KRAS exon 4 (c117/146),Wild-type,NRAS exon 2 (c12/13),Wild-type,NRAS exon 3 (c61),Wild-type,NRAS exon 4 (c117/146),Wild-type,BRAF exon 15 (c600),Wild-type,PDS310
000416,KRAS exon 2 (c12/13),Mutant,KRAS exon 3 (c61),Wild-type,KRAS exon 4 (c117/146),Wild-type,NRAS exon 2 (c12/13),Wild-type,NRAS exon 3 (c61),Wild-type,NRAS exon 4 (c117/146),Wild-type,BRAF exon 15 (c600),Wild-type,PDS310
000419,KRAS exon 2 (c12/13),Wild-type,KRAS exon 3 (c61),,KRAS exon 4 (c117/146),,NRAS exon 2 (c12/13),,NRAS exon 3 (c61),,NRAS exon 4 (c117/146),,BRAF exon 15 (c600),,PDS310
000420,KRAS exon 2 (c12/13),Mutant,KRAS exon 3 (c61),Wild-type,KRAS exon 4 (c117/146),Wild-type,NRAS exon 2 (c12/13),Wild-type,NRAS exon 3 (c61),Wild-type,NRAS exon 4 (c117/146),Wild-type,BRAF exon 15 (c600),Wild-type,PDS310
000421,KRAS exon 2 (c12/13),Mutant,KRAS exon 3 (c61),Wild-type,KRAS exon 4 (c117/146),,NRAS exon 2 (c12/13),Wild-type,NRAS exon 3 (c61),Wild-type,NRAS exon 4 (c117/146),,BRAF exon 15 (c600),Failure,PDS310
000422,KRAS exon 2 (c12/13),Mutant,KRAS exon 3 (c61),Wild-type,KRAS exon 4 (c117/146),Wild-type,NRAS exon 2 (c12/13),Wild-type,NRAS exon 3 (c61),Wild-type,NRAS exon 4 (c117/146),Wild-type,BRAF exon 15 (c600),Wild-type,PDS310
000423,KRAS exon 2 (c12/13),Mutant,KRAS exon 3 (c61),Wild-type,KRAS exon 4 (c117/146),Wild-type,NRAS exon 2 (c12/13),Wild-type,NRAS exon 3 (c61),Wild-type,NRAS exon 4 (c117/146),Wild-type,BRAF exon 15 (c600),Wild-type,PDS310
000424,KRAS exon 2 (c12/13),Wild-type,KRAS exon 3 (c61),Wild-type,KRAS exon 4 (c117/146),Wild-type,NRAS exon 2 (c12/13),Wild-type,NRAS exon 3 (c61),Wild-type,NRAS exon 4 (c117/146),Wild-type,BRAF exon 15 (c600),Mutant,PDS310
000425,KRAS exon 2 (c12/13),Wild-type,KRAS exon 3 (c61),Wild-type,KRAS exon 4 (c117/146),Wild-type,NRAS exon 2 (c12/13),Wild-type,NRAS exon 3 (c61),Wild-type,NRAS exon 4 (c117/146),Wild-type,BRAF exon 15 (c600),Wild-type,PDS310
000427,KRAS exon 2 (c12/13),Wild-type,KRAS exon 3 (c61),Wild-type,KRAS exon 4 (c117/146),Wild-type,NRAS exon 2 (c12/13),Wild-type,NRAS exon 3 (c61),Wild-type,NRAS exon 4 (c117/146),Wild-type,BRAF exon 15 (c600),Wild-type,PDS310
000429,KRAS exon 2 (c12/13),Mutant,KRAS exon 3 (c61),Wild-type,KRAS exon 4 (c117/146),Wild-type,NRAS exon 2 (c12/13),Wild-type,NRAS exon 3 (c61),Wild-type,NRAS exon 4 (c117/146),Wild-type,BRAF exon 15 (c600),Wild-type,PDS310
000430,KRAS exon 2 (c12/13),Wild-type,KRAS exon 3 (c61),,KRAS exon 4 (c117/146),,NRAS exon 2 (c12/13),,NRAS exon 3 (c61),,NRAS exon 4 (c117/146),,BRAF exon 15 (c600),,PDS310
000431,KRAS exon 2 (c12/13),Wild-type,KRAS exon 3 (c61),Wild-type,KRAS exon 4 (c117/146),Wild-type,NRAS exon 2 (c12/13),Wild-type,NRAS exon 3 (c61),Wild-type,NRAS exon 4 (c117/146),Wild-type,BRAF exon 15 (c600),Wild-type,PDS310
000433,KRAS exon 2 (c12/13),Wild-type,KRAS exon 3 (c61),,KRAS exon 4 (c117/146),,NRAS exon 2 (c12/13),,NRAS exon 3 (c61),,NRAS exon 4 (c117/146),,BRAF exon 15 (c600),,PDS310
000435,KRAS exon 2 (c12/13),Wild-type,KRAS exon 3 (c61),Wild-type,KRAS exon 4 (c117/146),Wild-type,NRAS exon 2 (c12/13),Wild-type,NRAS exon 3 (c61),Wild-type,NRAS exon 4 (c117/146),Wild-type,BRAF exon 15 (c600),Wild-type,PDS310
000436,KRAS exon 2 (c12/13),Mutant,KRAS exon 3 (c61),Wild-type,KRAS exon 4 (c117/146),Wild-type,NRAS exon 2 (c12/13),Wild-type,NRAS exon 3 (c61),Wild-type,NRAS exon 4 (c117/146),Wild-type,BRAF exon 15 (c600),Wild-type,PDS310
000437,KRAS exon 2 (c12/13),Failure,KRAS exon 3 (c61),,KRAS exon 4 (c117/146),,NRAS exon 2 (c12/13),,NRAS exon 3 (c61),,NRAS exon 4 (c117/146),,BRAF exon 15 (c600),,PDS310
000439,KRAS exon 2 (c12/13),Wild-type,KRAS exon 3 (c61),Wild-type,KRAS exon 4 (c117/146),Wild-type,NRAS exon 2 (c12/13),Wild-type,NRAS exon 3 (c61),Wild-type,NRAS exon 4 (c117/146),Wild-type,BRAF exon 15 (c600),Wild-type,PDS310
000440,KRAS exon 2 (c12/13),Wild-type,KRAS exon 3 (c61),Wild-type,KRAS exon 4 (c117/146),Wild-type,NRAS exon 2 (c12/13),Wild-type,NRAS exon 3 (c61),Wild-type,NRAS exon 4 (c117/146),Wild-type,BRAF exon 15 (c600),Mutant,PDS310
000442,KRAS exon 2 (c12/13),Mutant,KRAS exon 3 (c61),Wild-type,KRAS exon 4 (c117/146),Wild-type,NRAS exon 2 (c12/13),Wild-type,NRAS exon 3 (c61),Wild-type,NRAS exon 4 (c117/146),Wild-type,BRAF exon 15 (c600),Wild-type,PDS310
000443,KRAS exon 2 (c12/13),Mutant,KRAS exon 3 (c61),,KRAS exon 4 (c117/146),,NRAS exon 2 (c12/13),,NRAS exon 3 (c61),,NRAS exon 4 (c117/146),,BRAF exon 15 (c600),,PDS310
000444,KRAS exon 2 (c12/13),Mutant,KRAS exon 3 (c61),Wild-type,KRAS exon 4 (c117/146),,NRAS exon 2 (c12/13),Wild-type,NRAS exon 3 (c61),Wild-type,NRAS exon 4 (c117/146),,BRAF exon 15 (c600),Wild-type,PDS310
000445,KRAS exon 2 (c12/13),Mutant,KRAS exon 3 (c61),,KRAS exon 4 (c117/146),Failure,NRAS exon 2 (c12/13),,NRAS exon 3 (c61),,NRAS exon 4 (c117/146),Failure,BRAF exon 15 (c600),,PDS310
000446,KRAS exon 2 (c12/13),Mutant,KRAS exon 3 (c61),Wild-type,KRAS exon 4 (c117/146),Wild-type,NRAS exon 2 (c12/13),Wild-type,NRAS exon 3 (c61),Wild-type,NRAS exon 4 (c117/146),Wild-type,BRAF exon 15 (c600),Wild-type,PDS310
000447,KRAS exon 2 (c12/13),Wild-type,KRAS exon 3 (c61),,KRAS exon 4 (c117/146),,NRAS exon 2 (c12/13),,NRAS exon 3 (c61),,NRAS exon 4 (c117/146),,BRAF exon 15 (c600),,PDS310
000448,KRAS exon 2 (c12/13),Wild-type,KRAS exon 3 (c61),Wild-type,KRAS exon 4 (c117/146),Wild-type,NRAS exon 2 (c12/13),Wild-type,NRAS exon 3 (c61),Wild-type,NRAS exon 4 (c117/146),Wild-type,BRAF exon 15 (c600),Wild-type,PDS310
000450,KRAS exon 2 (c12/13),Mutant,KRAS exon 3 (c61),Wild-type,KRAS exon 4 (c117/146),Wild-type,NRAS exon 2 (c12/13),Wild-type,NRAS exon 3 (c61),Wild-type,NRAS exon 4 (c117/146),Wild-type,BRAF exon 15 (c600),Wild-type,PDS310
000451,KRAS exon 2 (c12/13),Mutant,KRAS exon 3 (c61),,KRAS exon 4 (c117/146),Wild-type,NRAS exon 2 (c12/13),,NRAS exon 3 (c61),,NRAS exon 4 (c117/146),Wild-type,BRAF exon 15 (c600),,PDS310
000452,KRAS exon 2 (c12/13),Wild-type,KRAS exon 3 (c61),Wild-type,KRAS exon 4 (c117/146),Wild-type,NRAS exon 2 (c12/13),Wild-type,NRAS exon 3 (c61),Wild-type,NRAS exon 4 (c117/146),Wild-type,BRAF exon 15 (c600),Wild-type,PDS310
000453,KRAS exon 2 (c12/13),Wild-type,KRAS exon 3 (c61),,KRAS exon 4 (c117/146),,NRAS exon 2 (c12/13),,NRAS exon 3 (c61),,NRAS exon 4 (c117/146),,BRAF exon 15 (c600),,PDS310
000454,KRAS exon 2 (c12/13),Failure,KRAS exon 3 (c61),,KRAS exon 4 (c117/146),Failure,NRAS exon 2 (c12/13),,NRAS exon 3 (c61),,NRAS exon 4 (c117/146),Failure,BRAF exon 15 (c600),,PDS310
000456,KRAS exon 2 (c12/13),Wild-type,KRAS exon 3 (c61),,KRAS exon 4 (c117/146),,NRAS exon 2 (c12/13),,NRAS exon 3 (c61),,NRAS exon 4 (c117/146),,BRAF exon 15 (c600),,PDS310
000457,KRAS exon 2 (c12/13),Mutant,KRAS exon 3 (c61),Wild-type,KRAS exon 4 (c117/146),Wild-type,NRAS exon 2 (c12/13),Wild-type,NRAS exon 3 (c61),Wild-type,NRAS exon 4 (c117/146),Wild-type,BRAF exon 15 (c600),Wild-type,PDS310
000458,KRAS exon 2 (c12/13),Wild-type,KRAS exon 3 (c61),Wild-type,KRAS exon 4 (c117/146),Wild-type,NRAS exon 2 (c12/13),Wild-type,NRAS exon 3 (c61),Wild-type,NRAS exon 4 (c117/146),Wild-type,BRAF exon 15 (c600),Wild-type,PDS310
000459,KRAS exon 2 (c12/13),Wild-type,KRAS exon 3 (c61),Wild-type,KRAS exon 4 (c117/146),Wild-type,NRAS exon 2 (c12/13),Wild-type,NRAS exon 3 (c61),Wild-type,NRAS exon 4 (c117/146),Wild-type,BRAF exon 15 (c600),Wild-type,PDS310
000460,KRAS exon 2 (c12/13),Failure,KRAS exon 3 (c61),,KRAS exon 4 (c117/146),,NRAS exon 2 (c12/13),,NRAS exon 3 (c61),,NRAS exon 4 (c117/146),,BRAF exon 15 (c600),,PDS310
000461,KRAS exon 2 (c12/13),Mutant,KRAS exon 3 (c61),,KRAS exon 4 (c117/146),,NRAS exon 2 (c12/13),,NRAS exon 3 (c61),,NRAS exon 4 (c117/146),,BRAF exon 15 (c600),,PDS310
000462,KRAS exon 2 (c12/13),Mutant,KRAS exon 3 (c61),Wild-type,KRAS exon 4 (c117/146),Wild-type,NRAS exon 2 (c12/13),Wild-type,NRAS exon 3 (c61),Wild-type,NRAS exon 4 (c117/146),Wild-type,BRAF exon 15 (c600),Failure,PDS310
