SUBJID,BMMTNM1,BMMTR1,BMMTNM2,BMMTR2,BMMTNM3,BMMTR3,BMMTNM4,BMMTR4,BMMTNM5,BMMTR5,BMMTNM6,BMMTR6,BMMTNM7,BMMTR7
000001,KRAS exon 2 (c12/13),Failure,KRAS exon 3 (c61),,KRAS exon 4 (c117/146),,NRAS exon 2 (c12/13),,NRAS exon 3 (c61),,NRAS exon 4 (c117/146),,BRAF exon 15 (c600),
000002,KRAS exon 2 (c12/13),Wild-type,KRAS exon 3 (c61),,KRAS exon 4 (c117/146),,NRAS exon 2 (c12/13),,NRAS exon 3 (c61),,NRAS exon 4 (c117/146),,BRAF exon 15 (c600),
000004,KRAS exon 2 (c12/13),Mutant,KRAS exon 3 (c61),,KRAS exon 4 (c117/146),,NRAS exon 2 (c12/13),,NRAS exon 3 (c61),,NRAS exon 4 (c117/146),,BRAF exon 15 (c600),
000005,KRAS exon 2 (c12/13),Mutant,KRAS exon 3 (c61),Wild-type,KRAS exon 4 (c117/146),Wild-type,NRAS exon 2 (c12/13),Wild-type,NRAS exon 3 (c61),Wild-type,NRAS exon 4 (c117/146),Wild-type,BRAF exon 15 (c600),Wild-type
000006,KRAS exon 2 (c12/13),Wild-type,KRAS exon 3 (c61),Wild-type,KRAS exon 4 (c117/146),Wild-type,NRAS exon 2 (c12/13),Wild-type,NRAS exon 3 (c61),Wild-type,NRAS exon 4 (c117/146),Wild-type,BRAF exon 15 (c600),Wild-type
000008,KRAS exon 2 (c12/13),Wild-type,KRAS exon 3 (c61),,KRAS exon 4 (c117/146),,NRAS exon 2 (c12/13),,NRAS exon 3 (c61),,NRAS exon 4 (c117/146),,BRAF exon 15 (c600),
000010,KRAS exon 2 (c12/13),Mutant,KRAS exon 3 (c61),,KRAS exon 4 (c117/146),,NRAS exon 2 (c12/13),,NRAS exon 3 (c61),,NRAS exon 4 (c117/146),,BRAF exon 15 (c600),
000011,KRAS exon 2 (c12/13),Wild-type,KRAS exon 3 (c61),Wild-type,KRAS exon 4 (c117/146),Wild-type,NRAS exon 2 (c12/13),Wild-type,NRAS exon 3 (c61),Wild-type,NRAS exon 4 (c117/146),Wild-type,BRAF exon 15 (c600),Wild-type
000013,KRAS exon 2 (c12/13),Wild-type,KRAS exon 3 (c61),Wild-type,KRAS exon 4 (c117/146),Wild-type,NRAS exon 2 (c12/13),Wild-type,NRAS exon 3 (c61),Wild-type,NRAS exon 4 (c117/146),Wild-type,BRAF exon 15 (c600),Wild-type
000015,KRAS exon 2 (c12/13),Mutant,KRAS exon 3 (c61),Wild-type,KRAS exon 4 (c117/146),Mutant,NRAS exon 2 (c12/13),Wild-type,NRAS exon 3 (c61),Wild-type,NRAS exon 4 (c117/146),Wild-type,BRAF exon 15 (c600),Failure
000016,KRAS exon 2 (c12/13),Wild-type,KRAS exon 3 (c61),,KRAS exon 4 (c117/146),,NRAS exon 2 (c12/13),,NRAS exon 3 (c61),,NRAS exon 4 (c117/146),,BRAF exon 15 (c600),
000017,KRAS exon 2 (c12/13),Mutant,KRAS exon 3 (c61),,KRAS exon 4 (c117/146),,NRAS exon 2 (c12/13),,NRAS exon 3 (c61),,NRAS exon 4 (c117/146),,BRAF exon 15 (c600),
000018,KRAS exon 2 (c12/13),Wild-type,KRAS exon 3 (c61),Wild-type,KRAS exon 4 (c117/146),Wild-type,NRAS exon 2 (c12/13),Mutant,NRAS exon 3 (c61),Wild-type,NRAS exon 4 (c117/146),Wild-type,BRAF exon 15 (c600),Wild-type
000019,KRAS exon 2 (c12/13),Wild-type,KRAS exon 3 (c61),Wild-type,KRAS exon 4 (c117/146),Wild-type,NRAS exon 2 (c12/13),Wild-type,NRAS exon 3 (c61),Wild-type,NRAS exon 4 (c117/146),Wild-type,BRAF exon 15 (c600),Wild-type
000020,KRAS exon 2 (c12/13),Failure,KRAS exon 3 (c61),Wild-type,KRAS exon 4 (c117/146),Failure,NRAS exon 2 (c12/13),Wild-type,NRAS exon 3 (c61),Wild-type,NRAS exon 4 (c117/146),Failure,BRAF exon 15 (c600),Wild-type
000021,KRAS exon 2 (c12/13),Wild-type,KRAS exon 3 (c61),,KRAS exon 4 (c117/146),,NRAS exon 2 (c12/13),,NRAS exon 3 (c61),,NRAS exon 4 (c117/146),,BRAF exon 15 (c600),
000022,KRAS exon 2 (c12/13),Wild-type,KRAS exon 3 (c61),,KRAS exon 4 (c117/146),,NRAS exon 2 (c12/13),,NRAS exon 3 (c61),,NRAS exon 4 (c117/146),,BRAF exon 15 (c600),
000024,KRAS exon 2 (c12/13),Mutant,KRAS exon 3 (c61),Wild-type,KRAS exon 4 (c117/146),Mutant,NRAS exon 2 (c12/13),Wild-type,NRAS exon 3 (c61),Wild-type,NRAS exon 4 (c117/146),Wild-type,BRAF exon 15 (c600),Wild-type
000025,KRAS exon 2 (c12/13),Wild-type,KRAS exon 3 (c61),,KRAS exon 4 (c117/146),,NRAS exon 2 (c12/13),,NRAS exon 3 (c61),,NRAS exon 4 (c117/146),,BRAF exon 15 (c600),
000026,KRAS exon 2 (c12/13),Wild-type,KRAS exon 3 (c61),Failure,KRAS exon 4 (c117/146),Wild-type,NRAS exon 2 (c12/13),Wild-type,NRAS exon 3 (c61),Wild-type,NRAS exon 4 (c117/146),Wild-type,BRAF exon 15 (c600),Wild-type
000027,KRAS exon 2 (c12/13),Failure,KRAS exon 3 (c61),,KRAS exon 4 (c117/146),,NRAS exon 2 (c12/13),,NRAS exon 3 (c61),,NRAS exon 4 (c117/146),,BRAF exon 15 (c600),
000028,KRAS exon 2 (c12/13),Mutant,KRAS exon 3 (c61),Wild-type,KRAS exon 4 (c117/146),Wild-type,NRAS exon 2 (c12/13),Wild-type,NRAS exon 3 (c61),Wild-type,NRAS exon 4 (c117/146),Wild-type,BRAF exon 15 (c600),Wild-type
000029,KRAS exon 2 (c12/13),Mutant,KRAS exon 3 (c61),Wild-type,KRAS exon 4 (c117/146),Wild-type,NRAS exon 2 (c12/13),Wild-type,NRAS exon 3 (c61),Wild-type,NRAS exon 4 (c117/146),Wild-type,BRAF exon 15 (c600),Wild-type
000030,KRAS exon 2 (c12/13),Mutant,KRAS exon 3 (c61),Wild-type,KRAS exon 4 (c117/146),Wild-type,NRAS exon 2 (c12/13),Wild-type,NRAS exon 3 (c61),Wild-type,NRAS exon 4 (c117/146),Wild-type,BRAF exon 15 (c600),Wild-type
000031,KRAS exon 2 (c12/13),Wild-type,KRAS exon 3 (c61),Wild-type,KRAS exon 4 (c117/146),Wild-type,NRAS exon 2 (c12/13),Wild-type,NRAS exon 3 (c61),Wild-type,NRAS exon 4 (c117/146),Wild-type,BRAF exon 15 (c600),Wild-type
000034,KRAS exon 2 (c12/13),Wild-type,KRAS exon 3 (c61),,KRAS exon 4 (c117/146),,NRAS exon 2 (c12/13),,NRAS exon 3 (c61),,NRAS exon 4 (c117/146),,BRAF exon 15 (c600),
000036,KRAS exon 2 (c12/13),Mutant,KRAS exon 3 (c61),Wild-type,KRAS exon 4 (c117/146),Wild-type,NRAS exon 2 (c12/13),Wild-type,NRAS exon 3 (c61),Wild-type,NRAS exon 4 (c117/146),Failure,BRAF exon 15 (c600),Failure
000037,KRAS exon 2 (c12/13),Mutant,KRAS exon 3 (c61),Wild-type,KRAS exon 4 (c117/146),Wild-type,NRAS exon 2 (c12/13),Wild-type,NRAS exon 3 (c61),Wild-type,NRAS exon 4 (c117/146),Wild-type,BRAF exon 15 (c600),Wild-type
000038,KRAS exon 2 (c12/13),Wild-type,KRAS exon 3 (c61),,KRAS exon 4 (c117/146),,NRAS exon 2 (c12/13),,NRAS exon 3 (c61),,NRAS exon 4 (c117/146),,BRAF exon 15 (c600),
000039,KRAS exon 2 (c12/13),Wild-type,KRAS exon 3 (c61),,KRAS exon 4 (c117/146),Wild-type,NRAS exon 2 (c12/13),,NRAS exon 3 (c61),,NRAS exon 4 (c117/146),Wild-type,BRAF exon 15 (c600),
000040,KRAS exon 2 (c12/13),Failure,KRAS exon 3 (c61),,KRAS exon 4 (c117/146),,NRAS exon 2 (c12/13),,NRAS exon 3 (c61),,NRAS exon 4 (c117/146),,BRAF exon 15 (c600),
000041,KRAS exon 2 (c12/13),Wild-type,KRAS exon 3 (c61),,KRAS exon 4 (c117/146),,NRAS exon 2 (c12/13),,NRAS exon 3 (c61),,NRAS exon 4 (c117/146),,BRAF exon 15 (c600),
000042,KRAS exon 2 (c12/13),Mutant,KRAS exon 3 (c61),,KRAS exon 4 (c117/146),,NRAS exon 2 (c12/13),,NRAS exon 3 (c61),,NRAS exon 4 (c117/146),,BRAF exon 15 (c600),
000043,KRAS exon 2 (c12/13),Wild-type,KRAS exon 3 (c61),,KRAS exon 4 (c117/146),,NRAS exon 2 (c12/13),,NRAS exon 3 (c61),,NRAS exon 4 (c117/146),,BRAF exon 15 (c600),
000044,KRAS exon 2 (c12/13),Failure,KRAS exon 3 (c61),,KRAS exon 4 (c117/146),,NRAS exon 2 (c12/13),,NRAS exon 3 (c61),,NRAS exon 4 (c117/146),,BRAF exon 15 (c600),
000045,KRAS exon 2 (c12/13),Wild-type,KRAS exon 3 (c61),,KRAS exon 4 (c117/146),,NRAS exon 2 (c12/13),,NRAS exon 3 (c61),,NRAS exon 4 (c117/146),,BRAF exon 15 (c600),
000046,KRAS exon 2 (c12/13),Failure,KRAS exon 3 (c61),Wild-type,KRAS exon 4 (c117/146),Wild-type,NRAS exon 2 (c12/13),Wild-type,NRAS exon 3 (c61),Wild-type,NRAS exon 4 (c117/146),Wild-type,BRAF exon 15 (c600),Wild-type
000048,KRAS exon 2 (c12/13),Mutant,KRAS exon 3 (c61),Wild-type,KRAS exon 4 (c117/146),Wild-type,NRAS exon 2 (c12/13),Wild-type,NRAS exon 3 (c61),Wild-type,NRAS exon 4 (c117/146),Wild-type,BRAF exon 15 (c600),Wild-type
000049,KRAS exon 2 (c12/13),Mutant,KRAS exon 3 (c61),,KRAS exon 4 (c117/146),,NRAS exon 2 (c12/13),,NRAS exon 3 (c61),,NRAS exon 4 (c117/146),,BRAF exon 15 (c600),
000051,KRAS exon 2 (c12/13),Mutant,KRAS exon 3 (c61),Wild-type,KRAS exon 4 (c117/146),Wild-type,NRAS exon 2 (c12/13),Mutant,NRAS exon 3 (c61),Wild-type,NRAS exon 4 (c117/146),Wild-type,BRAF exon 15 (c600),Wild-type
000052,KRAS exon 2 (c12/13),Failure,KRAS exon 3 (c61),,KRAS exon 4 (c117/146),,NRAS exon 2 (c12/13),,NRAS exon 3 (c61),,NRAS exon 4 (c117/146),,BRAF exon 15 (c600),
000054,KRAS exon 2 (c12/13),Wild-type,KRAS exon 3 (c61),Wild-type,KRAS exon 4 (c117/146),Wild-type,NRAS exon 2 (c12/13),Wild-type,NRAS exon 3 (c61),Wild-type,NRAS exon 4 (c117/146),Wild-type,BRAF exon 15 (c600),Mutant
000055,KRAS exon 2 (c12/13),Mutant,KRAS exon 3 (c61),Wild-type,KRAS exon 4 (c117/146),Wild-type,NRAS exon 2 (c12/13),Wild-type,NRAS exon 3 (c61),Wild-type,NRAS exon 4 (c117/146),Failure,BRAF exon 15 (c600),Failure
000055,KRAS exon 2 (c12/13),Mutant,KRAS exon 3 (c61),Wild-type,KRAS exon 4 (c117/146),Wild-type,NRAS exon 2 (c12/13),Wild-type,NRAS exon 3 (c61),Wild-type,NRAS exon 4 (c117/146),Wild-type,BRAF exon 15 (c600),Failure
000056,KRAS exon 2 (c12/13),Mutant,KRAS exon 3 (c61),Wild-type,KRAS exon 4 (c117/146),Wild-type,NRAS exon 2 (c12/13),Wild-type,NRAS exon 3 (c61),Wild-type,NRAS exon 4 (c117/146),Wild-type,BRAF exon 15 (c600),Wild-type
000057,KRAS exon 2 (c12/13),Mutant,KRAS exon 3 (c61),,KRAS exon 4 (c117/146),,NRAS exon 2 (c12/13),,NRAS exon 3 (c61),,NRAS exon 4 (c117/146),,BRAF exon 15 (c600),
000058,KRAS exon 2 (c12/13),Failure,KRAS exon 3 (c61),,KRAS exon 4 (c117/146),,NRAS exon 2 (c12/13),,NRAS exon 3 (c61),,NRAS exon 4 (c117/146),,BRAF exon 15 (c600),
000059,KRAS exon 2 (c12/13),Mutant,KRAS exon 3 (c61),Wild-type,KRAS exon 4 (c117/146),Mutant,NRAS exon 2 (c12/13),Wild-type,NRAS exon 3 (c61),Wild-type,NRAS exon 4 (c117/146),Wild-type,BRAF exon 15 (c600),Wild-type
000060,KRAS exon 2 (c12/13),Wild-type,KRAS exon 3 (c61),Wild-type,KRAS exon 4 (c117/146),Failure,NRAS exon 2 (c12/13),Wild-type,NRAS exon 3 (c61),Wild-type,NRAS exon 4 (c117/146),Failure,BRAF exon 15 (c600),Wild-type
000060,KRAS exon 2 (c12/13),Wild-type,KRAS exon 3 (c61),Wild-type,KRAS exon 4 (c117/146),Wild-type,NRAS exon 2 (c12/13),Wild-type,NRAS exon 3 (c61),Wild-type,NRAS exon 4 (c117/146),Wild-type,BRAF exon 15 (c600),Wild-type
000061,KRAS exon 2 (c12/13),Wild-type,KRAS exon 3 (c61),Wild-type,KRAS exon 4 (c117/146),Wild-type,NRAS exon 2 (c12/13),Wild-type,NRAS exon 3 (c61),Wild-type,NRAS exon 4 (c117/146),Wild-type,BRAF exon 15 (c600),Wild-type
000062,KRAS exon 2 (c12/13),Failure,KRAS exon 3 (c61),,KRAS exon 4 (c117/146),,NRAS exon 2 (c12/13),,NRAS exon 3 (c61),,NRAS exon 4 (c117/146),,BRAF exon 15 (c600),
000063,KRAS exon 2 (c12/13),Mutant,KRAS exon 3 (c61),Wild-type,KRAS exon 4 (c117/146),Failure,NRAS exon 2 (c12/13),Wild-type,NRAS exon 3 (c61),Wild-type,NRAS exon 4 (c117/146),Failure,BRAF exon 15 (c600),Wild-type
000064,KRAS exon 2 (c12/13),Wild-type,KRAS exon 3 (c61),,KRAS exon 4 (c117/146),,NRAS exon 2 (c12/13),,NRAS exon 3 (c61),,NRAS exon 4 (c117/146),,BRAF exon 15 (c600),
000065,KRAS exon 2 (c12/13),Mutant,KRAS exon 3 (c61),,KRAS exon 4 (c117/146),,NRAS exon 2 (c12/13),,NRAS exon 3 (c61),,NRAS exon 4 (c117/146),,BRAF exon 15 (c600),
000066,KRAS exon 2 (c12/13),Wild-type,KRAS exon 3 (c61),Mutant,KRAS exon 4 (c117/146),Wild-type,NRAS exon 2 (c12/13),Wild-type,NRAS exon 3 (c61),Wild-type,NRAS exon 4 (c117/146),Wild-type,BRAF exon 15 (c600),Wild-type
000067,KRAS exon 2 (c12/13),Wild-type,KRAS exon 3 (c61),Failure,KRAS exon 4 (c117/146),Wild-type,NRAS exon 2 (c12/13),Wild-type,NRAS exon 3 (c61),Wild-type,NRAS exon 4 (c117/146),Wild-type,BRAF exon 15 (c600),Wild-type
000068,KRAS exon 2 (c12/13),Wild-type,KRAS exon 3 (c61),Wild-type,KRAS exon 4 (c117/146),Wild-type,NRAS exon 2 (c12/13),Wild-type,NRAS exon 3 (c61),Wild-type,NRAS exon 4 (c117/146),Wild-type,BRAF exon 15 (c600),Wild-type
000069,KRAS exon 2 (c12/13),Wild-type,KRAS exon 3 (c61),Wild-type,KRAS exon 4 (c117/146),Wild-type,NRAS exon 2 (c12/13),Wild-type,NRAS exon 3 (c61),Mutant,NRAS exon 4 (c117/146),Wild-type,BRAF exon 15 (c600),Wild-type
000070,KRAS exon 2 (c12/13),Mutant,KRAS exon 3 (c61),Wild-type,KRAS exon 4 (c117/146),Wild-type,NRAS exon 2 (c12/13),Wild-type,NRAS exon 3 (c61),Wild-type,NRAS exon 4 (c117/146),Wild-type,BRAF exon 15 (c600),Wild-type
000071,KRAS exon 2 (c12/13),Wild-type,KRAS exon 3 (c61),Wild-type,KRAS exon 4 (c117/146),Wild-type,NRAS exon 2 (c12/13),Wild-type,NRAS exon 3 (c61),Wild-type,NRAS exon 4 (c117/146),Wild-type,BRAF exon 15 (c600),Wild-type
000072,KRAS exon 2 (c12/13),Mutant,KRAS exon 3 (c61),Wild-type,KRAS exon 4 (c117/146),Wild-type,NRAS exon 2 (c12/13),Wild-type,NRAS exon 3 (c61),Wild-type,NRAS exon 4 (c117/146),Wild-type,BRAF exon 15 (c600),Wild-type
000073,KRAS exon 2 (c12/13),Wild-type,KRAS exon 3 (c61),,KRAS exon 4 (c117/146),,NRAS exon 2 (c12/13),,NRAS exon 3 (c61),,NRAS exon 4 (c117/146),,BRAF exon 15 (c600),
000074,KRAS exon 2 (c12/13),Wild-type,KRAS exon 3 (c61),Wild-type,KRAS exon 4 (c117/146),Wild-type,NRAS exon 2 (c12/13),Wild-type,NRAS exon 3 (c61),Wild-type,NRAS exon 4 (c117/146),Wild-type,BRAF exon 15 (c600),Wild-type
000075,KRAS exon 2 (c12/13),Mutant,KRAS exon 3 (c61),Wild-type,KRAS exon 4 (c117/146),Wild-type,NRAS exon 2 (c12/13),Mutant,NRAS exon 3 (c61),Wild-type,NRAS exon 4 (c117/146),Wild-type,BRAF exon 15 (c600),Failure
000076,KRAS exon 2 (c12/13),Wild-type,KRAS exon 3 (c61),,KRAS exon 4 (c117/146),,NRAS exon 2 (c12/13),,NRAS exon 3 (c61),,NRAS exon 4 (c117/146),,BRAF exon 15 (c600),
000078,KRAS exon 2 (c12/13),Wild-type,KRAS exon 3 (c61),,KRAS exon 4 (c117/146),,NRAS exon 2 (c12/13),,NRAS exon 3 (c61),,NRAS exon 4 (c117/146),,BRAF exon 15 (c600),
000079,KRAS exon 2 (c12/13),Mutant,KRAS exon 3 (c61),,KRAS exon 4 (c117/146),,NRAS exon 2 (c12/13),,NRAS exon 3 (c61),,NRAS exon 4 (c117/146),,BRAF exon 15 (c600),
000081,KRAS exon 2 (c12/13),Wild-type,KRAS exon 3 (c61),Wild-type,KRAS exon 4 (c117/146),Wild-type,NRAS exon 2 (c12/13),Wild-type,NRAS exon 3 (c61),Wild-type,NRAS exon 4 (c117/146),Wild-type,BRAF exon 15 (c600),Mutant
000082,KRAS exon 2 (c12/13),Wild-type,KRAS exon 3 (c61),,KRAS exon 4 (c117/146),,NRAS exon 2 (c12/13),,NRAS exon 3 (c61),,NRAS exon 4 (c117/146),,BRAF exon 15 (c600),
000083,KRAS exon 2 (c12/13),Failure,KRAS exon 3 (c61),,KRAS exon 4 (c117/146),,NRAS exon 2 (c12/13),,NRAS exon 3 (c61),,NRAS exon 4 (c117/146),,BRAF exon 15 (c600),
000084,KRAS exon 2 (c12/13),Mutant,KRAS exon 3 (c61),Wild-type,KRAS exon 4 (c117/146),Wild-type,NRAS exon 2 (c12/13),Wild-type,NRAS exon 3 (c61),Wild-type,NRAS exon 4 (c117/146),Mutant,BRAF exon 15 (c600),Wild-type
000085,KRAS exon 2 (c12/13),Wild-type,KRAS exon 3 (c61),Wild-type,KRAS exon 4 (c117/146),Wild-type,NRAS exon 2 (c12/13),Wild-type,NRAS exon 3 (c61),Wild-type,NRAS exon 4 (c117/146),Wild-type,BRAF exon 15 (c600),Wild-type
000087,KRAS exon 2 (c12/13),Failure,KRAS exon 3 (c61),,KRAS exon 4 (c117/146),Wild-type,NRAS exon 2 (c12/13),,NRAS exon 3 (c61),,NRAS exon 4 (c117/146),Wild-type,BRAF exon 15 (c600),
000089,KRAS exon 2 (c12/13),Wild-type,KRAS exon 3 (c61),,KRAS exon 4 (c117/146),Wild-type,NRAS exon 2 (c12/13),,NRAS exon 3 (c61),,NRAS exon 4 (c117/146),Wild-type,BRAF exon 15 (c600),
000090,KRAS exon 2 (c12/13),Mutant,KRAS exon 3 (c61),Wild-type,KRAS exon 4 (c117/146),Wild-type,NRAS exon 2 (c12/13),Wild-type,NRAS exon 3 (c61),Wild-type,NRAS exon 4 (c117/146),Wild-type,BRAF exon 15 (c600),Wild-type
000091,KRAS exon 2 (c12/13),Mutant,KRAS exon 3 (c61),Wild-type,KRAS exon 4 (c117/146),Failure,NRAS exon 2 (c12/13),Wild-type,NRAS exon 3 (c61),Wild-type,NRAS exon 4 (c117/146),Failure,BRAF exon 15 (c600),Wild-type
000092,KRAS exon 2 (c12/13),Failure,KRAS exon 3 (c61),,KRAS exon 4 (c117/146),Wild-type,NRAS exon 2 (c12/13),,NRAS exon 3 (c61),,NRAS exon 4 (c117/146),Wild-type,BRAF exon 15 (c600),
000093,KRAS exon 2 (c12/13),Wild-type,KRAS exon 3 (c61),,KRAS exon 4 (c117/146),,NRAS exon 2 (c12/13),,NRAS exon 3 (c61),,NRAS exon 4 (c117/146),,BRAF exon 15 (c600),
000094,KRAS exon 2 (c12/13),Mutant,KRAS exon 3 (c61),Wild-type,KRAS exon 4 (c117/146),Wild-type,NRAS exon 2 (c12/13),Wild-type,NRAS exon 3 (c61),Wild-type,NRAS exon 4 (c117/146),Wild-type,BRAF exon 15 (c600),Failure
000095,KRAS exon 2 (c12/13),Mutant,KRAS exon 3 (c61),Wild-type,KRAS exon 4 (c117/146),Wild-type,NRAS exon 2 (c12/13),Wild-type,NRAS exon 3 (c61),Wild-type,NRAS exon 4 (c117/146),Wild-type,BRAF exon 15 (c600),Wild-type
000096,KRAS exon 2 (c12/13),Mutant,KRAS exon 3 (c61),Wild-type,KRAS exon 4 (c117/146),Wild-type,NRAS exon 2 (c12/13),Wild-type,NRAS exon 3 (c61),Wild-type,NRAS exon 4 (c117/146),Wild-type,BRAF exon 15 (c600),Wild-type
000097,KRAS exon 2 (c12/13),Wild-type,KRAS exon 3 (c61),Wild-type,KRAS exon 4 (c117/146),Failure,NRAS exon 2 (c12/13),Mutant,NRAS exon 3 (c61),Wild-type,NRAS exon 4 (c117/146),Failure,BRAF exon 15 (c600),Wild-type
000097,KRAS exon 2 (c12/13),Wild-type,KRAS exon 3 (c61),Wild-type,KRAS exon 4 (c117/146),Wild-type,NRAS exon 2 (c12/13),Mutant,NRAS exon 3 (c61),Wild-type,NRAS exon 4 (c117/146),Wild-type,BRAF exon 15 (c600),Wild-type
000098,KRAS exon 2 (c12/13),Mutant,KRAS exon 3 (c61),,KRAS exon 4 (c117/146),,NRAS exon 2 (c12/13),,NRAS exon 3 (c61),,NRAS exon 4 (c117/146),,BRAF exon 15 (c600),
000099,KRAS exon 2 (c12/13),Wild-type,KRAS exon 3 (c61),Wild-type,KRAS exon 4 (c117/146),Wild-type,NRAS exon 2 (c12/13),Wild-type,NRAS exon 3 (c61),Wild-type,NRAS exon 4 (c117/146),Wild-type,BRAF exon 15 (c600),Wild-type
000101,KRAS exon 2 (c12/13),Mutant,KRAS exon 3 (c61),Wild-type,KRAS exon 4 (c117/146),Wild-type,NRAS exon 2 (c12/13),Wild-type,NRAS exon 3 (c61),Wild-type,NRAS exon 4 (c117/146),Wild-type,BRAF exon 15 (c600),Wild-type
000102,KRAS exon 2 (c12/13),Mutant,KRAS exon 3 (c61),Wild-type,KRAS exon 4 (c117/146),Wild-type,NRAS exon 2 (c12/13),Wild-type,NRAS exon 3 (c61),Wild-type,NRAS exon 4 (c117/146),Wild-type,BRAF exon 15 (c600),Wild-type
000103,KRAS exon 2 (c12/13),Mutant,KRAS exon 3 (c61),,KRAS exon 4 (c117/146),,NRAS exon 2 (c12/13),,NRAS exon 3 (c61),,NRAS exon 4 (c117/146),,BRAF exon 15 (c600),
000104,KRAS exon 2 (c12/13),Mutant,KRAS exon 3 (c61),,KRAS exon 4 (c117/146),,NRAS exon 2 (c12/13),,NRAS exon 3 (c61),,NRAS exon 4 (c117/146),,BRAF exon 15 (c600),
000105,KRAS exon 2 (c12/13),Wild-type,KRAS exon 3 (c61),,KRAS exon 4 (c117/146),,NRAS exon 2 (c12/13),,NRAS exon 3 (c61),,NRAS exon 4 (c117/146),,BRAF exon 15 (c600),
000106,KRAS exon 2 (c12/13),Mutant,KRAS exon 3 (c61),Wild-type,KRAS exon 4 (c117/146),Wild-type,NRAS exon 2 (c12/13),Wild-type,NRAS exon 3 (c61),Wild-type,NRAS exon 4 (c117/146),Mutant,BRAF exon 15 (c600),Wild-type
000108,KRAS exon 2 (c12/13),Wild-type,KRAS exon 3 (c61),,KRAS exon 4 (c117/146),,NRAS exon 2 (c12/13),,NRAS exon 3 (c61),,NRAS exon 4 (c117/146),,BRAF exon 15 (c600),
000110,KRAS exon 2 (c12/13),Wild-type,KRAS exon 3 (c61),Wild-type,KRAS exon 4 (c117/146),Mutant,NRAS exon 2 (c12/13),Wild-type,NRAS exon 3 (c61),Wild-type,NRAS exon 4 (c117/146),Wild-type,BRAF exon 15 (c600),Wild-type
000113,KRAS exon 2 (c12/13),Wild-type,KRAS exon 3 (c61),Wild-type,KRAS exon 4 (c117/146),Wild-type,NRAS exon 2 (c12/13),Wild-type,NRAS exon 3 (c61),Wild-type,NRAS exon 4 (c117/146),Wild-type,BRAF exon 15 (c600),Wild-type
000114,KRAS exon 2 (c12/13),Mutant,KRAS exon 3 (c61),,KRAS exon 4 (c117/146),,NRAS exon 2 (c12/13),,NRAS exon 3 (c61),,NRAS exon 4 (c117/146),,BRAF exon 15 (c600),
000116,KRAS exon 2 (c12/13),Mutant,KRAS exon 3 (c61),,KRAS exon 4 (c117/146),,NRAS exon 2 (c12/13),,NRAS exon 3 (c61),,NRAS exon 4 (c117/146),,BRAF exon 15 (c600),
000117,KRAS exon 2 (c12/13),Mutant,KRAS exon 3 (c61),Wild-type,KRAS exon 4 (c117/146),Wild-type,NRAS exon 2 (c12/13),Wild-type,NRAS exon 3 (c61),Wild-type,NRAS exon 4 (c117/146),Wild-type,BRAF exon 15 (c600),Wild-type
000119,KRAS exon 2 (c12/13),Wild-type,KRAS exon 3 (c61),Wild-type,KRAS exon 4 (c117/146),Wild-type,NRAS exon 2 (c12/13),Wild-type,NRAS exon 3 (c61),Wild-type,NRAS exon 4 (c117/146),Wild-type,BRAF exon 15 (c600),Wild-type
000121,KRAS exon 2 (c12/13),Mutant,KRAS exon 3 (c61),Wild-type,KRAS exon 4 (c117/146),Wild-type,NRAS exon 2 (c12/13),Wild-type,NRAS exon 3 (c61),Wild-type,NRAS exon 4 (c117/146),Wild-type,BRAF exon 15 (c600),Wild-type
000122,KRAS exon 2 (c12/13),Wild-type,KRAS exon 3 (c61),Wild-type,KRAS exon 4 (c117/146),Wild-type,NRAS exon 2 (c12/13),Wild-type,NRAS exon 3 (c61),Wild-type,NRAS exon 4 (c117/146),Wild-type,BRAF exon 15 (c600),Wild-type
000123,KRAS exon 2 (c12/13),Wild-type,KRAS exon 3 (c61),,KRAS exon 4 (c117/146),,NRAS exon 2 (c12/13),,NRAS exon 3 (c61),,NRAS exon 4 (c117/146),,BRAF exon 15 (c600),
000125,KRAS exon 2 (c12/13),Mutant,KRAS exon 3 (c61),Wild-type,KRAS exon 4 (c117/146),Wild-type,NRAS exon 2 (c12/13),Wild-type,NRAS exon 3 (c61),Wild-type,NRAS exon 4 (c117/146),Wild-type,BRAF exon 15 (c600),Wild-type
000126,KRAS exon 2 (c12/13),Wild-type,KRAS exon 3 (c61),Wild-type,KRAS exon 4 (c117/146),Wild-type,NRAS exon 2 (c12/13),Wild-type,NRAS exon 3 (c61),Wild-type,NRAS exon 4 (c117/146),Wild-type,BRAF exon 15 (c600),Wild-type
000128,KRAS exon 2 (c12/13),Mutant,KRAS exon 3 (c61),Wild-type,KRAS exon 4 (c117/146),Wild-type,NRAS exon 2 (c12/13),Wild-type,NRAS exon 3 (c61),Wild-type,NRAS exon 4 (c117/146),Wild-type,BRAF exon 15 (c600),Wild-type
000130,KRAS exon 2 (c12/13),Mutant,KRAS exon 3 (c61),,KRAS exon 4 (c117/146),,NRAS exon 2 (c12/13),,NRAS exon 3 (c61),,NRAS exon 4 (c117/146),,BRAF exon 15 (c600),
000131,KRAS exon 2 (c12/13),Wild-type,KRAS exon 3 (c61),Wild-type,KRAS exon 4 (c117/146),Wild-type,NRAS exon 2 (c12/13),Wild-type,NRAS exon 3 (c61),Wild-type,NRAS exon 4 (c117/146),Wild-type,BRAF exon 15 (c600),Wild-type
000132,KRAS exon 2 (c12/13),Wild-type,KRAS exon 3 (c61),Wild-type,KRAS exon 4 (c117/146),Wild-type,NRAS exon 2 (c12/13),Wild-type,NRAS exon 3 (c61),Wild-type,NRAS exon 4 (c117/146),Wild-type,BRAF exon 15 (c600),Wild-type
000133,KRAS exon 2 (c12/13),Wild-type,KRAS exon 3 (c61),Wild-type,KRAS exon 4 (c117/146),Wild-type,NRAS exon 2 (c12/13),Mutant,NRAS exon 3 (c61),Wild-type,NRAS exon 4 (c117/146),Wild-type,BRAF exon 15 (c600),Wild-type
000136,KRAS exon 2 (c12/13),Mutant,KRAS exon 3 (c61),Wild-type,KRAS exon 4 (c117/146),Failure,NRAS exon 2 (c12/13),Wild-type,NRAS exon 3 (c61),Wild-type,NRAS exon 4 (c117/146),Wild-type,BRAF exon 15 (c600),Wild-type
000136,KRAS exon 2 (c12/13),Mutant,KRAS exon 3 (c61),Wild-type,KRAS exon 4 (c117/146),Wild-type,NRAS exon 2 (c12/13),Wild-type,NRAS exon 3 (c61),Wild-type,NRAS exon 4 (c117/146),Wild-type,BRAF exon 15 (c600),Wild-type
000137,KRAS exon 2 (c12/13),Wild-type,KRAS exon 3 (c61),Wild-type,KRAS exon 4 (c117/146),Wild-type,NRAS exon 2 (c12/13),Wild-type,NRAS exon 3 (c61),Wild-type,NRAS exon 4 (c117/146),Wild-type,BRAF exon 15 (c600),Wild-type
000140,KRAS exon 2 (c12/13),Wild-type,KRAS exon 3 (c61),Wild-type,KRAS exon 4 (c117/146),Failure,NRAS exon 2 (c12/13),Wild-type,NRAS exon 3 (c61),Wild-type,NRAS exon 4 (c117/146),Wild-type,BRAF exon 15 (c600),Wild-type
000140,KRAS exon 2 (c12/13),Wild-type,KRAS exon 3 (c61),Wild-type,KRAS exon 4 (c117/146),Wild-type,NRAS exon 2 (c12/13),Wild-type,NRAS exon 3 (c61),Wild-type,NRAS exon 4 (c117/146),Wild-type,BRAF exon 15 (c600),Wild-type
000141,KRAS exon 2 (c12/13),Failure,KRAS exon 3 (c61),,KRAS exon 4 (c117/146),,NRAS exon 2 (c12/13),,NRAS exon 3 (c61),,NRAS exon 4 (c117/146),,BRAF exon 15 (c600),
000142,KRAS exon 2 (c12/13),Mutant,KRAS exon 3 (c61),Wild-type,KRAS exon 4 (c117/146),Wild-type,NRAS exon 2 (c12/13),Wild-type,NRAS exon 3 (c61),Wild-type,NRAS exon 4 (c117/146),Wild-type,BRAF exon 15 (c600),Wild-type
000143,KRAS exon 2 (c12/13),Wild-type,KRAS exon 3 (c61),Wild-type,KRAS exon 4 (c117/146),Wild-type,NRAS exon 2 (c12/13),Wild-type,NRAS exon 3 (c61),Wild-type,NRAS exon 4 (c117/146),Wild-type,BRAF exon 15 (c600),Wild-type
000144,KRAS exon 2 (c12/13),Wild-type,KRAS exon 3 (c61),Wild-type,KRAS exon 4 (c117/146),Wild-type,NRAS exon 2 (c12/13),Failure,NRAS exon 3 (c61),Wild-type,NRAS exon 4 (c117/146),Wild-type,BRAF exon 15 (c600),Wild-type
000145,KRAS exon 2 (c12/13),Wild-type,KRAS exon 3 (c61),Mutant,KRAS exon 4 (c117/146),Mutant,NRAS exon 2 (c12/13),Wild-type,NRAS exon 3 (c61),Wild-type,NRAS exon 4 (c117/146),Wild-type,BRAF exon 15 (c600),Wild-type
000146,KRAS exon 2 (c12/13),Wild-type,KRAS exon 3 (c61),Wild-type,KRAS exon 4 (c117/146),Wild-type,NRAS exon 2 (c12/13),Wild-type,NRAS exon 3 (c61),Wild-type,NRAS exon 4 (c117/146),Wild-type,BRAF exon 15 (c600),Wild-type
000147,KRAS exon 2 (c12/13),Wild-type,KRAS exon 3 (c61),,KRAS exon 4 (c117/146),,NRAS exon 2 (c12/13),,NRAS exon 3 (c61),,NRAS exon 4 (c117/146),,BRAF exon 15 (c600),
000149,KRAS exon 2 (c12/13),Failure,KRAS exon 3 (c61),,KRAS exon 4 (c117/146),,NRAS exon 2 (c12/13),,NRAS exon 3 (c61),,NRAS exon 4 (c117/146),,BRAF exon 15 (c600),
000150,KRAS exon 2 (c12/13),Failure,KRAS exon 3 (c61),,KRAS exon 4 (c117/146),Wild-type,NRAS exon 2 (c12/13),,NRAS exon 3 (c61),,NRAS exon 4 (c117/146),Wild-type,BRAF exon 15 (c600),
000151,KRAS exon 2 (c12/13),Wild-type,KRAS exon 3 (c61),,KRAS exon 4 (c117/146),,NRAS exon 2 (c12/13),,NRAS exon 3 (c61),,NRAS exon 4 (c117/146),,BRAF exon 15 (c600),
000152,KRAS exon 2 (c12/13),Mutant,KRAS exon 3 (c61),,KRAS exon 4 (c117/146),Failure,NRAS exon 2 (c12/13),,NRAS exon 3 (c61),,NRAS exon 4 (c117/146),Wild-type,BRAF exon 15 (c600),
000153,KRAS exon 2 (c12/13),Wild-type,KRAS exon 3 (c61),,KRAS exon 4 (c117/146),,NRAS exon 2 (c12/13),,NRAS exon 3 (c61),,NRAS exon 4 (c117/146),,BRAF exon 15 (c600),
000154,KRAS exon 2 (c12/13),Wild-type,KRAS exon 3 (c61),Wild-type,KRAS exon 4 (c117/146),Mutant,NRAS exon 2 (c12/13),Failure,NRAS exon 3 (c61),Failure,NRAS exon 4 (c117/146),Wild-type,BRAF exon 15 (c600),Failure
000155,KRAS exon 2 (c12/13),Wild-type,KRAS exon 3 (c61),Wild-type,KRAS exon 4 (c117/146),Wild-type,NRAS exon 2 (c12/13),Wild-type,NRAS exon 3 (c61),Wild-type,NRAS exon 4 (c117/146),Wild-type,BRAF exon 15 (c600),Wild-type
000156,KRAS exon 2 (c12/13),Wild-type,KRAS exon 3 (c61),Wild-type,KRAS exon 4 (c117/146),Wild-type,NRAS exon 2 (c12/13),Mutant,NRAS exon 3 (c61),Wild-type,NRAS exon 4 (c117/146),Wild-type,BRAF exon 15 (c600),Wild-type
000157,KRAS exon 2 (c12/13),Mutant,KRAS exon 3 (c61),,KRAS exon 4 (c117/146),,NRAS exon 2 (c12/13),,NRAS exon 3 (c61),,NRAS exon 4 (c117/146),,BRAF exon 15 (c600),
000158,KRAS exon 2 (c12/13),Mutant,KRAS exon 3 (c61),,KRAS exon 4 (c117/146),,NRAS exon 2 (c12/13),,NRAS exon 3 (c61),,NRAS exon 4 (c117/146),,BRAF exon 15 (c600),
000159,KRAS exon 2 (c12/13),Wild-type,KRAS exon 3 (c61),Wild-type,KRAS exon 4 (c117/146),Wild-type,NRAS exon 2 (c12/13),Wild-type,NRAS exon 3 (c61),Wild-type,NRAS exon 4 (c117/146),Wild-type,BRAF exon 15 (c600),Wild-type
000161,KRAS exon 2 (c12/13),Mutant,KRAS exon 3 (c61),Wild-type,KRAS exon 4 (c117/146),Wild-type,NRAS exon 2 (c12/13),Wild-type,NRAS exon 3 (c61),Wild-type,NRAS exon 4 (c117/146),Wild-type,BRAF exon 15 (c600),Wild-type
000162,KRAS exon 2 (c12/13),Mutant,KRAS exon 3 (c61),Wild-type,KRAS exon 4 (c117/146),Failure,NRAS exon 2 (c12/13),Wild-type,NRAS exon 3 (c61),Wild-type,NRAS exon 4 (c117/146),Failure,BRAF exon 15 (c600),Wild-type
000162,KRAS exon 2 (c12/13),Mutant,KRAS exon 3 (c61),Wild-type,KRAS exon 4 (c117/146),Wild-type,NRAS exon 2 (c12/13),Wild-type,NRAS exon 3 (c61),Wild-type,NRAS exon 4 (c117/146),Wild-type,BRAF exon 15 (c600),Wild-type
000163,KRAS exon 2 (c12/13),Wild-type,KRAS exon 3 (c61),Wild-type,KRAS exon 4 (c117/146),Mutant,NRAS exon 2 (c12/13),Wild-type,NRAS exon 3 (c61),Wild-type,NRAS exon 4 (c117/146),Mutant,BRAF exon 15 (c600),Wild-type
000164,KRAS exon 2 (c12/13),Wild-type,KRAS exon 3 (c61),Wild-type,KRAS exon 4 (c117/146),Failure,NRAS exon 2 (c12/13),Wild-type,NRAS exon 3 (c61),Wild-type,NRAS exon 4 (c117/146),Wild-type,BRAF exon 15 (c600),Wild-type
000164,KRAS exon 2 (c12/13),Wild-type,KRAS exon 3 (c61),Wild-type,KRAS exon 4 (c117/146),Wild-type,NRAS exon 2 (c12/13),Wild-type,NRAS exon 3 (c61),Wild-type,NRAS exon 4 (c117/146),Wild-type,BRAF exon 15 (c600),Wild-type
000166,KRAS exon 2 (c12/13),Wild-type,KRAS exon 3 (c61),,KRAS exon 4 (c117/146),,NRAS exon 2 (c12/13),,NRAS exon 3 (c61),,NRAS exon 4 (c117/146),,BRAF exon 15 (c600),
000167,KRAS exon 2 (c12/13),Mutant,KRAS exon 3 (c61),,KRAS exon 4 (c117/146),,NRAS exon 2 (c12/13),,NRAS exon 3 (c61),,NRAS exon 4 (c117/146),,BRAF exon 15 (c600),
000170,KRAS exon 2 (c12/13),Mutant,KRAS exon 3 (c61),,KRAS exon 4 (c117/146),,NRAS exon 2 (c12/13),,NRAS exon 3 (c61),,NRAS exon 4 (c117/146),,BRAF exon 15 (c600),
000171,KRAS exon 2 (c12/13),Wild-type,KRAS exon 3 (c61),Wild-type,KRAS exon 4 (c117/146),Wild-type,NRAS exon 2 (c12/13),Wild-type,NRAS exon 3 (c61),Wild-type,NRAS exon 4 (c117/146),Wild-type,BRAF exon 15 (c600),Wild-type
000172,KRAS exon 2 (c12/13),Wild-type,KRAS exon 3 (c61),Wild-type,KRAS exon 4 (c117/146),Wild-type,NRAS exon 2 (c12/13),Wild-type,NRAS exon 3 (c61),Wild-type,NRAS exon 4 (c117/146),Wild-type,BRAF exon 15 (c600),Wild-type
000173,KRAS exon 2 (c12/13),Mutant,KRAS exon 3 (c61),Wild-type,KRAS exon 4 (c117/146),Wild-type,NRAS exon 2 (c12/13),Wild-type,NRAS exon 3 (c61),Wild-type,NRAS exon 4 (c117/146),Wild-type,BRAF exon 15 (c600),Wild-type
000174,KRAS exon 2 (c12/13),Wild-type,KRAS exon 3 (c61),,KRAS exon 4 (c117/146),,NRAS exon 2 (c12/13),,NRAS exon 3 (c61),,NRAS exon 4 (c117/146),,BRAF exon 15 (c600),
000175,KRAS exon 2 (c12/13),Mutant,KRAS exon 3 (c61),Wild-type,KRAS exon 4 (c117/146),Wild-type,NRAS exon 2 (c12/13),Wild-type,NRAS exon 3 (c61),Wild-type,NRAS exon 4 (c117/146),Wild-type,BRAF exon 15 (c600),Wild-type
000176,KRAS exon 2 (c12/13),Mutant,KRAS exon 3 (c61),Wild-type,KRAS exon 4 (c117/146),,NRAS exon 2 (c12/13),Wild-type,NRAS exon 3 (c61),Wild-type,NRAS exon 4 (c117/146),,BRAF exon 15 (c600),Wild-type
000176,KRAS exon 2 (c12/13),Mutant,KRAS exon 3 (c61),Wild-type,KRAS exon 4 (c117/146),Wild-type,NRAS exon 2 (c12/13),Wild-type,NRAS exon 3 (c61),Wild-type,NRAS exon 4 (c117/146),Wild-type,BRAF exon 15 (c600),Wild-type
000177,KRAS exon 2 (c12/13),Mutant,KRAS exon 3 (c61),,KRAS exon 4 (c117/146),,NRAS exon 2 (c12/13),,NRAS exon 3 (c61),,NRAS exon 4 (c117/146),,BRAF exon 15 (c600),
000178,KRAS exon 2 (c12/13),Mutant,KRAS exon 3 (c61),Wild-type,KRAS exon 4 (c117/146),Wild-type,NRAS exon 2 (c12/13),Wild-type,NRAS exon 3 (c61),Wild-type,NRAS exon 4 (c117/146),Wild-type,BRAF exon 15 (c600),Wild-type
000179,KRAS exon 2 (c12/13),Wild-type,KRAS exon 3 (c61),Wild-type,KRAS exon 4 (c117/146),Failure,NRAS exon 2 (c12/13),Wild-type,NRAS exon 3 (c61),Wild-type,NRAS exon 4 (c117/146),Wild-type,BRAF exon 15 (c600),Wild-type
000179,KRAS exon 2 (c12/13),Wild-type,KRAS exon 3 (c61),Wild-type,KRAS exon 4 (c117/146),Wild-type,NRAS exon 2 (c12/13),Wild-type,NRAS exon 3 (c61),Wild-type,NRAS exon 4 (c117/146),Wild-type,BRAF exon 15 (c600),Wild-type
000180,KRAS exon 2 (c12/13),Wild-type,KRAS exon 3 (c61),Mutant,KRAS exon 4 (c117/146),Wild-type,NRAS exon 2 (c12/13),Wild-type,NRAS exon 3 (c61),Wild-type,NRAS exon 4 (c117/146),Wild-type,BRAF exon 15 (c600),Wild-type
000181,KRAS exon 2 (c12/13),Wild-type,KRAS exon 3 (c61),,KRAS exon 4 (c117/146),,NRAS exon 2 (c12/13),,NRAS exon 3 (c61),,NRAS exon 4 (c117/146),,BRAF exon 15 (c600),
000182,KRAS exon 2 (c12/13),Wild-type,KRAS exon 3 (c61),Wild-type,KRAS exon 4 (c117/146),Wild-type,NRAS exon 2 (c12/13),Wild-type,NRAS exon 3 (c61),Wild-type,NRAS exon 4 (c117/146),,BRAF exon 15 (c600),Wild-type
000182,KRAS exon 2 (c12/13),Wild-type,KRAS exon 3 (c61),Wild-type,KRAS exon 4 (c117/146),Wild-type,NRAS exon 2 (c12/13),Wild-type,NRAS exon 3 (c61),Wild-type,NRAS exon 4 (c117/146),Wild-type,BRAF exon 15 (c600),Wild-type
000184,KRAS exon 2 (c12/13),Wild-type,KRAS exon 3 (c61),,KRAS exon 4 (c117/146),,NRAS exon 2 (c12/13),,NRAS exon 3 (c61),,NRAS exon 4 (c117/146),,BRAF exon 15 (c600),
000186,KRAS exon 2 (c12/13),Wild-type,KRAS exon 3 (c61),Wild-type,KRAS exon 4 (c117/146),Wild-type,NRAS exon 2 (c12/13),Wild-type,NRAS exon 3 (c61),Wild-type,NRAS exon 4 (c117/146),Wild-type,BRAF exon 15 (c600),Wild-type
000187,KRAS exon 2 (c12/13),Wild-type,KRAS exon 3 (c61),Wild-type,KRAS exon 4 (c117/146),Mutant,NRAS exon 2 (c12/13),Wild-type,NRAS exon 3 (c61),Wild-type,NRAS exon 4 (c117/146),Wild-type,BRAF exon 15 (c600),Wild-type
000188,KRAS exon 2 (c12/13),Wild-type,KRAS exon 3 (c61),Wild-type,KRAS exon 4 (c117/146),Wild-type,NRAS exon 2 (c12/13),Wild-type,NRAS exon 3 (c61),Wild-type,NRAS exon 4 (c117/146),Wild-type,BRAF exon 15 (c600),Mutant
000189,KRAS exon 2 (c12/13),Wild-type,KRAS exon 3 (c61),Wild-type,KRAS exon 4 (c117/146),Wild-type,NRAS exon 2 (c12/13),Wild-type,NRAS exon 3 (c61),Wild-type,NRAS exon 4 (c117/146),Wild-type,BRAF exon 15 (c600),Wild-type
000190,KRAS exon 2 (c12/13),Mutant,KRAS exon 3 (c61),Wild-type,KRAS exon 4 (c117/146),Wild-type,NRAS exon 2 (c12/13),Wild-type,NRAS exon 3 (c61),Wild-type,NRAS exon 4 (c117/146),Wild-type,BRAF exon 15 (c600),Failure
000191,KRAS exon 2 (c12/13),Wild-type,KRAS exon 3 (c61),Mutant,KRAS exon 4 (c117/146),Wild-type,NRAS exon 2 (c12/13),Wild-type,NRAS exon 3 (c61),Wild-type,NRAS exon 4 (c117/146),Wild-type,BRAF exon 15 (c600),Wild-type
000192,KRAS exon 2 (c12/13),Wild-type,KRAS exon 3 (c61),,KRAS exon 4 (c117/146),Wild-type,NRAS exon 2 (c12/13),,NRAS exon 3 (c61),,NRAS exon 4 (c117/146),Wild-type,BRAF exon 15 (c600),
000193,KRAS exon 2 (c12/13),Mutant,KRAS exon 3 (c61),Wild-type,KRAS exon 4 (c117/146),Wild-type,NRAS exon 2 (c12/13),Wild-type,NRAS exon 3 (c61),Wild-type,NRAS exon 4 (c117/146),Failure,BRAF exon 15 (c600),Wild-type
000193,KRAS exon 2 (c12/13),Mutant,KRAS exon 3 (c61),Wild-type,KRAS exon 4 (c117/146),Wild-type,NRAS exon 2 (c12/13),Wild-type,NRAS exon 3 (c61),Wild-type,NRAS exon 4 (c117/146),Wild-type,BRAF exon 15 (c600),Wild-type
000194,KRAS exon 2 (c12/13),Wild-type,KRAS exon 3 (c61),Wild-type,KRAS exon 4 (c117/146),Wild-type,NRAS exon 2 (c12/13),Wild-type,NRAS exon 3 (c61),Wild-type,NRAS exon 4 (c117/146),Wild-type,BRAF exon 15 (c600),Wild-type
000195,KRAS exon 2 (c12/13),Wild-type,KRAS exon 3 (c61),Wild-type,KRAS exon 4 (c117/146),Wild-type,NRAS exon 2 (c12/13),Wild-type,NRAS exon 3 (c61),Wild-type,NRAS exon 4 (c117/146),Wild-type,BRAF exon 15 (c600),Wild-type
000196,KRAS exon 2 (c12/13),Mutant,KRAS exon 3 (c61),Wild-type,KRAS exon 4 (c117/146),Wild-type,NRAS exon 2 (c12/13),Wild-type,NRAS exon 3 (c61),Wild-type,NRAS exon 4 (c117/146),Wild-type,BRAF exon 15 (c600),Wild-type
000197,KRAS exon 2 (c12/13),Mutant,KRAS exon 3 (c61),Wild-type,KRAS exon 4 (c117/146),Wild-type,NRAS exon 2 (c12/13),Wild-type,NRAS exon 3 (c61),Wild-type,NRAS exon 4 (c117/146),Wild-type,BRAF exon 15 (c600),Wild-type
000198,KRAS exon 2 (c12/13),Mutant,KRAS exon 3 (c61),,KRAS exon 4 (c117/146),,NRAS exon 2 (c12/13),,NRAS exon 3 (c61),,NRAS exon 4 (c117/146),,BRAF exon 15 (c600),
000201,KRAS exon 2 (c12/13),Wild-type,KRAS exon 3 (c61),Wild-type,KRAS exon 4 (c117/146),Wild-type,NRAS exon 2 (c12/13),Wild-type,NRAS exon 3 (c61),Wild-type,NRAS exon 4 (c117/146),Wild-type,BRAF exon 15 (c600),Wild-type
000202,KRAS exon 2 (c12/13),Wild-type,KRAS exon 3 (c61),Wild-type,KRAS exon 4 (c117/146),Wild-type,NRAS exon 2 (c12/13),Wild-type,NRAS exon 3 (c61),Wild-type,NRAS exon 4 (c117/146),Wild-type,BRAF exon 15 (c600),Wild-type
000203,KRAS exon 2 (c12/13),Mutant,KRAS exon 3 (c61),Wild-type,KRAS exon 4 (c117/146),Wild-type,NRAS exon 2 (c12/13),Wild-type,NRAS exon 3 (c61),Wild-type,NRAS exon 4 (c117/146),Wild-type,BRAF exon 15 (c600),Wild-type
000204,KRAS exon 2 (c12/13),Wild-type,KRAS exon 3 (c61),Wild-type,KRAS exon 4 (c117/146),Wild-type,NRAS exon 2 (c12/13),Wild-type,NRAS exon 3 (c61),Wild-type,NRAS exon 4 (c117/146),Wild-type,BRAF exon 15 (c600),Wild-type
000205,KRAS exon 2 (c12/13),Mutant,KRAS exon 3 (c61),Wild-type,KRAS exon 4 (c117/146),Wild-type,NRAS exon 2 (c12/13),Wild-type,NRAS exon 3 (c61),Wild-type,NRAS exon 4 (c117/146),Wild-type,BRAF exon 15 (c600),Wild-type
000206,KRAS exon 2 (c12/13),Wild-type,KRAS exon 3 (c61),Wild-type,KRAS exon 4 (c117/146),Wild-type,NRAS exon 2 (c12/13),Wild-type,NRAS exon 3 (c61),Wild-type,NRAS exon 4 (c117/146),Wild-type,BRAF exon 15 (c600),Wild-type
000207,KRAS exon 2 (c12/13),Mutant,KRAS exon 3 (c61),Wild-type,KRAS exon 4 (c117/146),Wild-type,NRAS exon 2 (c12/13),Wild-type,NRAS exon 3 (c61),Wild-type,NRAS exon 4 (c117/146),Wild-type,BRAF exon 15 (c600),Wild-type
000208,KRAS exon 2 (c12/13),Wild-type,KRAS exon 3 (c61),Wild-type,KRAS exon 4 (c117/146),Wild-type,NRAS exon 2 (c12/13),Wild-type,NRAS exon 3 (c61),Wild-type,NRAS exon 4 (c117/146),Wild-type,BRAF exon 15 (c600),Wild-type
000210,KRAS exon 2 (c12/13),Mutant,KRAS exon 3 (c61),,KRAS exon 4 (c117/146),,NRAS exon 2 (c12/13),,NRAS exon 3 (c61),,NRAS exon 4 (c117/146),,BRAF exon 15 (c600),
000214,KRAS exon 2 (c12/13),Wild-type,KRAS exon 3 (c61),Wild-type,KRAS exon 4 (c117/146),Wild-type,NRAS exon 2 (c12/13),Wild-type,NRAS exon 3 (c61),Mutant,NRAS exon 4 (c117/146),Wild-type,BRAF exon 15 (c600),Wild-type
000215,KRAS exon 2 (c12/13),Mutant,KRAS exon 3 (c61),Wild-type,KRAS exon 4 (c117/146),Wild-type,NRAS exon 2 (c12/13),Wild-type,NRAS exon 3 (c61),Wild-type,NRAS exon 4 (c117/146),Wild-type,BRAF exon 15 (c600),Failure
000216,KRAS exon 2 (c12/13),Mutant,KRAS exon 3 (c61),Wild-type,KRAS exon 4 (c117/146),Wild-type,NRAS exon 2 (c12/13),Wild-type,NRAS exon 3 (c61),Wild-type,NRAS exon 4 (c117/146),Wild-type,BRAF exon 15 (c600),Wild-type
000218,KRAS exon 2 (c12/13),Wild-type,KRAS exon 3 (c61),Wild-type,KRAS exon 4 (c117/146),Wild-type,NRAS exon 2 (c12/13),Wild-type,NRAS exon 3 (c61),Wild-type,NRAS exon 4 (c117/146),Failure,BRAF exon 15 (c600),Wild-type
000218,KRAS exon 2 (c12/13),Wild-type,KRAS exon 3 (c61),Wild-type,KRAS exon 4 (c117/146),Wild-type,NRAS exon 2 (c12/13),Wild-type,NRAS exon 3 (c61),Wild-type,NRAS exon 4 (c117/146),Wild-type,BRAF exon 15 (c600),Wild-type
000219,KRAS exon 2 (c12/13),Mutant,KRAS exon 3 (c61),,KRAS exon 4 (c117/146),,NRAS exon 2 (c12/13),,NRAS exon 3 (c61),,NRAS exon 4 (c117/146),,BRAF exon 15 (c600),
000220,KRAS exon 2 (c12/13),Mutant,KRAS exon 3 (c61),Wild-type,KRAS exon 4 (c117/146),Wild-type,NRAS exon 2 (c12/13),Wild-type,NRAS exon 3 (c61),Wild-type,NRAS exon 4 (c117/146),Wild-type,BRAF exon 15 (c600),Wild-type
000221,KRAS exon 2 (c12/13),Mutant,KRAS exon 3 (c61),,KRAS exon 4 (c117/146),,NRAS exon 2 (c12/13),,NRAS exon 3 (c61),,NRAS exon 4 (c117/146),,BRAF exon 15 (c600),
000222,KRAS exon 2 (c12/13),Mutant,KRAS exon 3 (c61),,KRAS exon 4 (c117/146),,NRAS exon 2 (c12/13),,NRAS exon 3 (c61),,NRAS exon 4 (c117/146),,BRAF exon 15 (c600),
000223,KRAS exon 2 (c12/13),Mutant,KRAS exon 3 (c61),,KRAS exon 4 (c117/146),,NRAS exon 2 (c12/13),,NRAS exon 3 (c61),,NRAS exon 4 (c117/146),,BRAF exon 15 (c600),
000224,KRAS exon 2 (c12/13),Wild-type,KRAS exon 3 (c61),Wild-type,KRAS exon 4 (c117/146),Wild-type,NRAS exon 2 (c12/13),Wild-type,NRAS exon 3 (c61),Wild-type,NRAS exon 4 (c117/146),Failure,BRAF exon 15 (c600),Wild-type
000224,KRAS exon 2 (c12/13),Wild-type,KRAS exon 3 (c61),Wild-type,KRAS exon 4 (c117/146),Wild-type,NRAS exon 2 (c12/13),Wild-type,NRAS exon 3 (c61),Wild-type,NRAS exon 4 (c117/146),Wild-type,BRAF exon 15 (c600),Wild-type
000225,KRAS exon 2 (c12/13),Wild-type,KRAS exon 3 (c61),Mutant,KRAS exon 4 (c117/146),Wild-type,NRAS exon 2 (c12/13),Wild-type,NRAS exon 3 (c61),Wild-type,NRAS exon 4 (c117/146),Failure,BRAF exon 15 (c600),Wild-type
000225,KRAS exon 2 (c12/13),Wild-type,KRAS exon 3 (c61),Mutant,KRAS exon 4 (c117/146),Wild-type,NRAS exon 2 (c12/13),Wild-type,NRAS exon 3 (c61),Wild-type,NRAS exon 4 (c117/146),Wild-type,BRAF exon 15 (c600),Wild-type
000226,KRAS exon 2 (c12/13),Wild-type,KRAS exon 3 (c61),Wild-type,KRAS exon 4 (c117/146),Wild-type,NRAS exon 2 (c12/13),Wild-type,NRAS exon 3 (c61),Wild-type,NRAS exon 4 (c117/146),Wild-type,BRAF exon 15 (c600),Mutant
000228,KRAS exon 2 (c12/13),Wild-type,KRAS exon 3 (c61),,KRAS exon 4 (c117/146),,NRAS exon 2 (c12/13),,NRAS exon 3 (c61),,NRAS exon 4 (c117/146),,BRAF exon 15 (c600),
000229,KRAS exon 2 (c12/13),Wild-type,KRAS exon 3 (c61),,KRAS exon 4 (c117/146),,NRAS exon 2 (c12/13),,NRAS exon 3 (c61),,NRAS exon 4 (c117/146),,BRAF exon 15 (c600),
000230,KRAS exon 2 (c12/13),Mutant,KRAS exon 3 (c61),Wild-type,KRAS exon 4 (c117/146),Wild-type,NRAS exon 2 (c12/13),Wild-type,NRAS exon 3 (c61),Wild-type,NRAS exon 4 (c117/146),Wild-type,BRAF exon 15 (c600),Wild-type
000231,KRAS exon 2 (c12/13),Wild-type,KRAS exon 3 (c61),Mutant,KRAS exon 4 (c117/146),Wild-type,NRAS exon 2 (c12/13),Wild-type,NRAS exon 3 (c61),Wild-type,NRAS exon 4 (c117/146),Wild-type,BRAF exon 15 (c600),Wild-type
000233,KRAS exon 2 (c12/13),Mutant,KRAS exon 3 (c61),,KRAS exon 4 (c117/146),,NRAS exon 2 (c12/13),,NRAS exon 3 (c61),,NRAS exon 4 (c117/146),,BRAF exon 15 (c600),
000234,KRAS exon 2 (c12/13),Mutant,KRAS exon 3 (c61),Wild-type,KRAS exon 4 (c117/146),Wild-type,NRAS exon 2 (c12/13),Wild-type,NRAS exon 3 (c61),Wild-type,NRAS exon 4 (c117/146),Wild-type,BRAF exon 15 (c600),Wild-type
000235,KRAS exon 2 (c12/13),Mutant,KRAS exon 3 (c61),,KRAS exon 4 (c117/146),,NRAS exon 2 (c12/13),,NRAS exon 3 (c61),,NRAS exon 4 (c117/146),,BRAF exon 15 (c600),
000236,KRAS exon 2 (c12/13),Wild-type,KRAS exon 3 (c61),Wild-type,KRAS exon 4 (c117/146),Wild-type,NRAS exon 2 (c12/13),Wild-type,NRAS exon 3 (c61),Wild-type,NRAS exon 4 (c117/146),Wild-type,BRAF exon 15 (c600),Wild-type
000237,KRAS exon 2 (c12/13),Mutant,KRAS exon 3 (c61),,KRAS exon 4 (c117/146),,NRAS exon 2 (c12/13),,NRAS exon 3 (c61),,NRAS exon 4 (c117/146),,BRAF exon 15 (c600),
000238,KRAS exon 2 (c12/13),Wild-type,KRAS exon 3 (c61),,KRAS exon 4 (c117/146),,NRAS exon 2 (c12/13),,NRAS exon 3 (c61),,NRAS exon 4 (c117/146),,BRAF exon 15 (c600),
000239,KRAS exon 2 (c12/13),Mutant,KRAS exon 3 (c61),Wild-type,KRAS exon 4 (c117/146),Wild-type,NRAS exon 2 (c12/13),Wild-type,NRAS exon 3 (c61),Wild-type,NRAS exon 4 (c117/146),Wild-type,BRAF exon 15 (c600),Wild-type
000242,KRAS exon 2 (c12/13),Wild-type,KRAS exon 3 (c61),,KRAS exon 4 (c117/146),,NRAS exon 2 (c12/13),,NRAS exon 3 (c61),,NRAS exon 4 (c117/146),,BRAF exon 15 (c600),
000243,KRAS exon 2 (c12/13),Wild-type,KRAS exon 3 (c61),Wild-type,KRAS exon 4 (c117/146),Wild-type,NRAS exon 2 (c12/13),Wild-type,NRAS exon 3 (c61),Wild-type,NRAS exon 4 (c117/146),Wild-type,BRAF exon 15 (c600),Failure
000244,KRAS exon 2 (c12/13),Mutant,KRAS exon 3 (c61),Wild-type,KRAS exon 4 (c117/146),Wild-type,NRAS exon 2 (c12/13),Wild-type,NRAS exon 3 (c61),Wild-type,NRAS exon 4 (c117/146),Wild-type,BRAF exon 15 (c600),Wild-type
000245,KRAS exon 2 (c12/13),Wild-type,KRAS exon 3 (c61),Wild-type,KRAS exon 4 (c117/146),Failure,NRAS exon 2 (c12/13),Wild-type,NRAS exon 3 (c61),Wild-type,NRAS exon 4 (c117/146),Failure,BRAF exon 15 (c600),Wild-type
000245,KRAS exon 2 (c12/13),Wild-type,KRAS exon 3 (c61),Wild-type,KRAS exon 4 (c117/146),Wild-type,NRAS exon 2 (c12/13),Wild-type,NRAS exon 3 (c61),Wild-type,NRAS exon 4 (c117/146),Wild-type,BRAF exon 15 (c600),Wild-type
000246,KRAS exon 2 (c12/13),Wild-type,KRAS exon 3 (c61),,KRAS exon 4 (c117/146),Wild-type,NRAS exon 2 (c12/13),,NRAS exon 3 (c61),,NRAS exon 4 (c117/146),Wild-type,BRAF exon 15 (c600),
000247,KRAS exon 2 (c12/13),Mutant,KRAS exon 3 (c61),,KRAS exon 4 (c117/146),,NRAS exon 2 (c12/13),,NRAS exon 3 (c61),,NRAS exon 4 (c117/146),,BRAF exon 15 (c600),
000248,KRAS exon 2 (c12/13),Wild-type,KRAS exon 3 (c61),Wild-type,KRAS exon 4 (c117/146),Mutant,NRAS exon 2 (c12/13),Wild-type,NRAS exon 3 (c61),Wild-type,NRAS exon 4 (c117/146),Wild-type,BRAF exon 15 (c600),Wild-type
000250,KRAS exon 2 (c12/13),Wild-type,KRAS exon 3 (c61),,KRAS exon 4 (c117/146),,NRAS exon 2 (c12/13),,NRAS exon 3 (c61),,NRAS exon 4 (c117/146),,BRAF exon 15 (c600),
000251,KRAS exon 2 (c12/13),Wild-type,KRAS exon 3 (c61),Wild-type,KRAS exon 4 (c117/146),Wild-type,NRAS exon 2 (c12/13),Wild-type,NRAS exon 3 (c61),Wild-type,NRAS exon 4 (c117/146),Wild-type,BRAF exon 15 (c600),Wild-type
000254,KRAS exon 2 (c12/13),Mutant,KRAS exon 3 (c61),,KRAS exon 4 (c117/146),,NRAS exon 2 (c12/13),,NRAS exon 3 (c61),,NRAS exon 4 (c117/146),,BRAF exon 15 (c600),
000255,KRAS exon 2 (c12/13),Wild-type,KRAS exon 3 (c61),Wild-type,KRAS exon 4 (c117/146),Wild-type,NRAS exon 2 (c12/13),Wild-type,NRAS exon 3 (c61),Wild-type,NRAS exon 4 (c117/146),Wild-type,BRAF exon 15 (c600),Wild-type
000256,KRAS exon 2 (c12/13),Wild-type,KRAS exon 3 (c61),Wild-type,KRAS exon 4 (c117/146),Wild-type,NRAS exon 2 (c12/13),Wild-type,NRAS exon 3 (c61),Wild-type,NRAS exon 4 (c117/146),Wild-type,BRAF exon 15 (c600),Wild-type
000258,KRAS exon 2 (c12/13),Wild-type,KRAS exon 3 (c61),Wild-type,KRAS exon 4 (c117/146),Wild-type,NRAS exon 2 (c12/13),Wild-type,NRAS exon 3 (c61),Wild-type,NRAS exon 4 (c117/146),Wild-type,BRAF exon 15 (c600),Mutant
000259,KRAS exon 2 (c12/13),Mutant,KRAS exon 3 (c61),Wild-type,KRAS exon 4 (c117/146),Wild-type,NRAS exon 2 (c12/13),Wild-type,NRAS exon 3 (c61),Wild-type,NRAS exon 4 (c117/146),Wild-type,BRAF exon 15 (c600),Wild-type
000260,KRAS exon 2 (c12/13),Wild-type,KRAS exon 3 (c61),Wild-type,KRAS exon 4 (c117/146),Failure,NRAS exon 2 (c12/13),Wild-type,NRAS exon 3 (c61),Wild-type,NRAS exon 4 (c117/146),Wild-type,BRAF exon 15 (c600),Wild-type
000260,KRAS exon 2 (c12/13),Wild-type,KRAS exon 3 (c61),Wild-type,KRAS exon 4 (c117/146),Wild-type,NRAS exon 2 (c12/13),Wild-type,NRAS exon 3 (c61),Wild-type,NRAS exon 4 (c117/146),Wild-type,BRAF exon 15 (c600),Wild-type
000261,KRAS exon 2 (c12/13),Mutant,KRAS exon 3 (c61),,KRAS exon 4 (c117/146),,NRAS exon 2 (c12/13),,NRAS exon 3 (c61),,NRAS exon 4 (c117/146),,BRAF exon 15 (c600),
000262,KRAS exon 2 (c12/13),Mutant,KRAS exon 3 (c61),Wild-type,KRAS exon 4 (c117/146),Failure,NRAS exon 2 (c12/13),Wild-type,NRAS exon 3 (c61),Wild-type,NRAS exon 4 (c117/146),Wild-type,BRAF exon 15 (c600),Wild-type
000262,KRAS exon 2 (c12/13),Mutant,KRAS exon 3 (c61),Wild-type,KRAS exon 4 (c117/146),Wild-type,NRAS exon 2 (c12/13),Wild-type,NRAS exon 3 (c61),Wild-type,NRAS exon 4 (c117/146),Wild-type,BRAF exon 15 (c600),Wild-type
000263,KRAS exon 2 (c12/13),Mutant,KRAS exon 3 (c61),Wild-type,KRAS exon 4 (c117/146),Wild-type,NRAS exon 2 (c12/13),Wild-type,NRAS exon 3 (c61),Wild-type,NRAS exon 4 (c117/146),Wild-type,BRAF exon 15 (c600),Wild-type
000266,KRAS exon 2 (c12/13),Mutant,KRAS exon 3 (c61),Wild-type,KRAS exon 4 (c117/146),Mutant,NRAS exon 2 (c12/13),Wild-type,NRAS exon 3 (c61),Wild-type,NRAS exon 4 (c117/146),Wild-type,BRAF exon 15 (c600),Wild-type
000267,KRAS exon 2 (c12/13),Mutant,KRAS exon 3 (c61),Wild-type,KRAS exon 4 (c117/146),Wild-type,NRAS exon 2 (c12/13),Wild-type,NRAS exon 3 (c61),Wild-type,NRAS exon 4 (c117/146),Wild-type,BRAF exon 15 (c600),Failure
000268,KRAS exon 2 (c12/13),Wild-type,KRAS exon 3 (c61),Wild-type,KRAS exon 4 (c117/146),Wild-type,NRAS exon 2 (c12/13),Wild-type,NRAS exon 3 (c61),Wild-type,NRAS exon 4 (c117/146),Wild-type,BRAF exon 15 (c600),Wild-type
000269,KRAS exon 2 (c12/13),Mutant,KRAS exon 3 (c61),,KRAS exon 4 (c117/146),,NRAS exon 2 (c12/13),,NRAS exon 3 (c61),,NRAS exon 4 (c117/146),,BRAF exon 15 (c600),
000271,KRAS exon 2 (c12/13),Wild-type,KRAS exon 3 (c61),Wild-type,KRAS exon 4 (c117/146),Wild-type,NRAS exon 2 (c12/13),Wild-type,NRAS exon 3 (c61),Wild-type,NRAS exon 4 (c117/146),Wild-type,BRAF exon 15 (c600),Wild-type
000272,KRAS exon 2 (c12/13),Mutant,KRAS exon 3 (c61),Wild-type,KRAS exon 4 (c117/146),Wild-type,NRAS exon 2 (c12/13),Wild-type,NRAS exon 3 (c61),Wild-type,NRAS exon 4 (c117/146),Wild-type,BRAF exon 15 (c600),Wild-type
000273,KRAS exon 2 (c12/13),Wild-type,KRAS exon 3 (c61),,KRAS exon 4 (c117/146),Wild-type,NRAS exon 2 (c12/13),,NRAS exon 3 (c61),,NRAS exon 4 (c117/146),Wild-type,BRAF exon 15 (c600),
000275,KRAS exon 2 (c12/13),Wild-type,KRAS exon 3 (c61),Wild-type,KRAS exon 4 (c117/146),Wild-type,NRAS exon 2 (c12/13),Wild-type,NRAS exon 3 (c61),Wild-type,NRAS exon 4 (c117/146),Wild-type,BRAF exon 15 (c600),Wild-type
000278,KRAS exon 2 (c12/13),Wild-type,KRAS exon 3 (c61),Wild-type,KRAS exon 4 (c117/146),Wild-type,NRAS exon 2 (c12/13),Wild-type,NRAS exon 3 (c61),Wild-type,NRAS exon 4 (c117/146),Wild-type,BRAF exon 15 (c600),Wild-type
000280,KRAS exon 2 (c12/13),Wild-type,KRAS exon 3 (c61),Wild-type,KRAS exon 4 (c117/146),Wild-type,NRAS exon 2 (c12/13),Wild-type,NRAS exon 3 (c61),Wild-type,NRAS exon 4 (c117/146),Wild-type,BRAF exon 15 (c600),Wild-type
000281,KRAS exon 2 (c12/13),Wild-type,KRAS exon 3 (c61),Wild-type,KRAS exon 4 (c117/146),Wild-type,NRAS exon 2 (c12/13),Wild-type,NRAS exon 3 (c61),Wild-type,NRAS exon 4 (c117/146),Wild-type,BRAF exon 15 (c600),Wild-type
000282,KRAS exon 2 (c12/13),Mutant,KRAS exon 3 (c61),Wild-type,KRAS exon 4 (c117/146),Wild-type,NRAS exon 2 (c12/13),Wild-type,NRAS exon 3 (c61),Wild-type,NRAS exon 4 (c117/146),Wild-type,BRAF exon 15 (c600),Wild-type
000283,KRAS exon 2 (c12/13),Failure,KRAS exon 3 (c61),,KRAS exon 4 (c117/146),,NRAS exon 2 (c12/13),,NRAS exon 3 (c61),,NRAS exon 4 (c117/146),,BRAF exon 15 (c600),
000284,KRAS exon 2 (c12/13),Wild-type,KRAS exon 3 (c61),,KRAS exon 4 (c117/146),,NRAS exon 2 (c12/13),,NRAS exon 3 (c61),,NRAS exon 4 (c117/146),,BRAF exon 15 (c600),
000285,KRAS exon 2 (c12/13),Mutant,KRAS exon 3 (c61),Wild-type,KRAS exon 4 (c117/146),Wild-type,NRAS exon 2 (c12/13),Wild-type,NRAS exon 3 (c61),Wild-type,NRAS exon 4 (c117/146),Wild-type,BRAF exon 15 (c600),Wild-type
000286,KRAS exon 2 (c12/13),Wild-type,KRAS exon 3 (c61),,KRAS exon 4 (c117/146),,NRAS exon 2 (c12/13),,NRAS exon 3 (c61),,NRAS exon 4 (c117/146),,BRAF exon 15 (c600),
000287,KRAS exon 2 (c12/13),Wild-type,KRAS exon 3 (c61),Wild-type,KRAS exon 4 (c117/146),Failure,NRAS exon 2 (c12/13),Wild-type,NRAS exon 3 (c61),Wild-type,NRAS exon 4 (c117/146),Failure,BRAF exon 15 (c600),Wild-type
000287,KRAS exon 2 (c12/13),Wild-type,KRAS exon 3 (c61),Wild-type,KRAS exon 4 (c117/146),Wild-type,NRAS exon 2 (c12/13),Wild-type,NRAS exon 3 (c61),Wild-type,NRAS exon 4 (c117/146),Wild-type,BRAF exon 15 (c600),Wild-type
000288,KRAS exon 2 (c12/13),Wild-type,KRAS exon 3 (c61),,KRAS exon 4 (c117/146),,NRAS exon 2 (c12/13),,NRAS exon 3 (c61),,NRAS exon 4 (c117/146),,BRAF exon 15 (c600),
000289,KRAS exon 2 (c12/13),Wild-type,KRAS exon 3 (c61),,KRAS exon 4 (c117/146),Wild-type,NRAS exon 2 (c12/13),,NRAS exon 3 (c61),,NRAS exon 4 (c117/146),Wild-type,BRAF exon 15 (c600),
000290,KRAS exon 2 (c12/13),Wild-type,KRAS exon 3 (c61),Wild-type,KRAS exon 4 (c117/146),Wild-type,NRAS exon 2 (c12/13),Wild-type,NRAS exon 3 (c61),Wild-type,NRAS exon 4 (c117/146),Wild-type,BRAF exon 15 (c600),Wild-type
000291,KRAS exon 2 (c12/13),Mutant,KRAS exon 3 (c61),Wild-type,KRAS exon 4 (c117/146),Wild-type,NRAS exon 2 (c12/13),Wild-type,NRAS exon 3 (c61),Wild-type,NRAS exon 4 (c117/146),Wild-type,BRAF exon 15 (c600),Wild-type
000292,KRAS exon 2 (c12/13),Mutant,KRAS exon 3 (c61),Wild-type,KRAS exon 4 (c117/146),Wild-type,NRAS exon 2 (c12/13),Wild-type,NRAS exon 3 (c61),Wild-type,NRAS exon 4 (c117/146),Wild-type,BRAF exon 15 (c600),Wild-type
000293,KRAS exon 2 (c12/13),Wild-type,KRAS exon 3 (c61),Wild-type,KRAS exon 4 (c117/146),Wild-type,NRAS exon 2 (c12/13),Wild-type,NRAS exon 3 (c61),Wild-type,NRAS exon 4 (c117/146),Wild-type,BRAF exon 15 (c600),Wild-type
000294,KRAS exon 2 (c12/13),Mutant,KRAS exon 3 (c61),,KRAS exon 4 (c117/146),,NRAS exon 2 (c12/13),,NRAS exon 3 (c61),,NRAS exon 4 (c117/146),,BRAF exon 15 (c600),
000296,KRAS exon 2 (c12/13),Mutant,KRAS exon 3 (c61),Wild-type,KRAS exon 4 (c117/146),Wild-type,NRAS exon 2 (c12/13),Wild-type,NRAS exon 3 (c61),Wild-type,NRAS exon 4 (c117/146),Failure,BRAF exon 15 (c600),Failure
000296,KRAS exon 2 (c12/13),Mutant,KRAS exon 3 (c61),Wild-type,KRAS exon 4 (c117/146),Wild-type,NRAS exon 2 (c12/13),Wild-type,NRAS exon 3 (c61),Wild-type,NRAS exon 4 (c117/146),Wild-type,BRAF exon 15 (c600),Failure
000298,KRAS exon 2 (c12/13),Mutant,KRAS exon 3 (c61),,KRAS exon 4 (c117/146),Wild-type,NRAS exon 2 (c12/13),,NRAS exon 3 (c61),,NRAS exon 4 (c117/146),Wild-type,BRAF exon 15 (c600),
000299,KRAS exon 2 (c12/13),Wild-type,KRAS exon 3 (c61),Wild-type,KRAS exon 4 (c117/146),Wild-type,NRAS exon 2 (c12/13),Wild-type,NRAS exon 3 (c61),Wild-type,NRAS exon 4 (c117/146),Wild-type,BRAF exon 15 (c600),Wild-type
000300,KRAS exon 2 (c12/13),Mutant,KRAS exon 3 (c61),Wild-type,KRAS exon 4 (c117/146),Wild-type,NRAS exon 2 (c12/13),Wild-type,NRAS exon 3 (c61),Wild-type,NRAS exon 4 (c117/146),Wild-type,BRAF exon 15 (c600),Failure
000301,KRAS exon 2 (c12/13),Wild-type,KRAS exon 3 (c61),Wild-type,KRAS exon 4 (c117/146),Wild-type,NRAS exon 2 (c12/13),Wild-type,NRAS exon 3 (c61),Wild-type,NRAS exon 4 (c117/146),Wild-type,BRAF exon 15 (c600),Wild-type
000303,KRAS exon 2 (c12/13),Wild-type,KRAS exon 3 (c61),Wild-type,KRAS exon 4 (c117/146),Wild-type,NRAS exon 2 (c12/13),Wild-type,NRAS exon 3 (c61),Wild-type,NRAS exon 4 (c117/146),Wild-type,BRAF exon 15 (c600),Mutant
000304,KRAS exon 2 (c12/13),Wild-type,KRAS exon 3 (c61),Mutant,KRAS exon 4 (c117/146),Wild-type,NRAS exon 2 (c12/13),Wild-type,NRAS exon 3 (c61),Wild-type,NRAS exon 4 (c117/146),Wild-type,BRAF exon 15 (c600),Wild-type
000305,KRAS exon 2 (c12/13),Mutant,KRAS exon 3 (c61),Wild-type,KRAS exon 4 (c117/146),Failure,NRAS exon 2 (c12/13),Wild-type,NRAS exon 3 (c61),Wild-type,NRAS exon 4 (c117/146),Wild-type,BRAF exon 15 (c600),Wild-type
000306,KRAS exon 2 (c12/13),Wild-type,KRAS exon 3 (c61),Wild-type,KRAS exon 4 (c117/146),Wild-type,NRAS exon 2 (c12/13),Wild-type,NRAS exon 3 (c61),Wild-type,NRAS exon 4 (c117/146),Wild-type,BRAF exon 15 (c600),Wild-type
000307,KRAS exon 2 (c12/13),Wild-type,KRAS exon 3 (c61),,KRAS exon 4 (c117/146),,NRAS exon 2 (c12/13),,NRAS exon 3 (c61),,NRAS exon 4 (c117/146),,BRAF exon 15 (c600),
000308,KRAS exon 2 (c12/13),Wild-type,KRAS exon 3 (c61),Wild-type,KRAS exon 4 (c117/146),Wild-type,NRAS exon 2 (c12/13),Wild-type,NRAS exon 3 (c61),Wild-type,NRAS exon 4 (c117/146),Wild-type,BRAF exon 15 (c600),Wild-type
000309,KRAS exon 2 (c12/13),Failure,KRAS exon 3 (c61),,KRAS exon 4 (c117/146),,NRAS exon 2 (c12/13),,NRAS exon 3 (c61),,NRAS exon 4 (c117/146),,BRAF exon 15 (c600),
000311,KRAS exon 2 (c12/13),Mutant,KRAS exon 3 (c61),,KRAS exon 4 (c117/146),,NRAS exon 2 (c12/13),,NRAS exon 3 (c61),,NRAS exon 4 (c117/146),,BRAF exon 15 (c600),
000312,KRAS exon 2 (c12/13),Wild-type,KRAS exon 3 (c61),Wild-type,KRAS exon 4 (c117/146),Wild-type,NRAS exon 2 (c12/13),Wild-type,NRAS exon 3 (c61),Wild-type,NRAS exon 4 (c117/146),Wild-type,BRAF exon 15 (c600),Wild-type
000313,KRAS exon 2 (c12/13),Mutant,KRAS exon 3 (c61),Wild-type,KRAS exon 4 (c117/146),Wild-type,NRAS exon 2 (c12/13),Wild-type,NRAS exon 3 (c61),Wild-type,NRAS exon 4 (c117/146),Wild-type,BRAF exon 15 (c600),Wild-type
000314,KRAS exon 2 (c12/13),Mutant,KRAS exon 3 (c61),Wild-type,KRAS exon 4 (c117/146),Wild-type,NRAS exon 2 (c12/13),Wild-type,NRAS exon 3 (c61),Wild-type,NRAS exon 4 (c117/146),Wild-type,BRAF exon 15 (c600),Wild-type
000315,KRAS exon 2 (c12/13),Mutant,KRAS exon 3 (c61),,KRAS exon 4 (c117/146),,NRAS exon 2 (c12/13),,NRAS exon 3 (c61),,NRAS exon 4 (c117/146),,BRAF exon 15 (c600),
000316,KRAS exon 2 (c12/13),Mutant,KRAS exon 3 (c61),,KRAS exon 4 (c117/146),,NRAS exon 2 (c12/13),,NRAS exon 3 (c61),,NRAS exon 4 (c117/146),,BRAF exon 15 (c600),
000317,KRAS exon 2 (c12/13),Failure,KRAS exon 3 (c61),Wild-type,KRAS exon 4 (c117/146),Wild-type,NRAS exon 2 (c12/13),Wild-type,NRAS exon 3 (c61),Wild-type,NRAS exon 4 (c117/146),Wild-type,BRAF exon 15 (c600),Wild-type
000318,KRAS exon 2 (c12/13),Mutant,KRAS exon 3 (c61),Wild-type,KRAS exon 4 (c117/146),Mutant,NRAS exon 2 (c12/13),Wild-type,NRAS exon 3 (c61),Wild-type,NRAS exon 4 (c117/146),Wild-type,BRAF exon 15 (c600),Mutant
000319,KRAS exon 2 (c12/13),Mutant,KRAS exon 3 (c61),Wild-type,KRAS exon 4 (c117/146),Wild-type,NRAS exon 2 (c12/13),Wild-type,NRAS exon 3 (c61),Wild-type,NRAS exon 4 (c117/146),Wild-type,BRAF exon 15 (c600),Wild-type
000320,KRAS exon 2 (c12/13),Wild-type,KRAS exon 3 (c61),Wild-type,KRAS exon 4 (c117/146),Wild-type,NRAS exon 2 (c12/13),Wild-type,NRAS exon 3 (c61),Wild-type,NRAS exon 4 (c117/146),Wild-type,BRAF exon 15 (c600),Wild-type
000321,KRAS exon 2 (c12/13),Wild-type,KRAS exon 3 (c61),Mutant,KRAS exon 4 (c117/146),Wild-type,NRAS exon 2 (c12/13),Wild-type,NRAS exon 3 (c61),Wild-type,NRAS exon 4 (c117/146),Wild-type,BRAF exon 15 (c600),Wild-type
000322,KRAS exon 2 (c12/13),Mutant,KRAS exon 3 (c61),Wild-type,KRAS exon 4 (c117/146),Wild-type,NRAS exon 2 (c12/13),Wild-type,NRAS exon 3 (c61),Wild-type,NRAS exon 4 (c117/146),Wild-type,BRAF exon 15 (c600),Wild-type
000323,KRAS exon 2 (c12/13),Wild-type,KRAS exon 3 (c61),,KRAS exon 4 (c117/146),,NRAS exon 2 (c12/13),,NRAS exon 3 (c61),,NRAS exon 4 (c117/146),,BRAF exon 15 (c600),
000324,KRAS exon 2 (c12/13),Wild-type,KRAS exon 3 (c61),Wild-type,KRAS exon 4 (c117/146),Wild-type,NRAS exon 2 (c12/13),Wild-type,NRAS exon 3 (c61),Wild-type,NRAS exon 4 (c117/146),Mutant,BRAF exon 15 (c600),Wild-type
000325,KRAS exon 2 (c12/13),Wild-type,KRAS exon 3 (c61),Wild-type,KRAS exon 4 (c117/146),Wild-type,NRAS exon 2 (c12/13),Wild-type,NRAS exon 3 (c61),Wild-type,NRAS exon 4 (c117/146),Wild-type,BRAF exon 15 (c600),Mutant
000326,KRAS exon 2 (c12/13),Mutant,KRAS exon 3 (c61),,KRAS exon 4 (c117/146),,NRAS exon 2 (c12/13),,NRAS exon 3 (c61),,NRAS exon 4 (c117/146),,BRAF exon 15 (c600),
000327,KRAS exon 2 (c12/13),Wild-type,KRAS exon 3 (c61),Wild-type,KRAS exon 4 (c117/146),Wild-type,NRAS exon 2 (c12/13),Wild-type,NRAS exon 3 (c61),Wild-type,NRAS exon 4 (c117/146),Wild-type,BRAF exon 15 (c600),Wild-type
000329,KRAS exon 2 (c12/13),Wild-type,KRAS exon 3 (c61),Wild-type,KRAS exon 4 (c117/146),Wild-type,NRAS exon 2 (c12/13),Wild-type,NRAS exon 3 (c61),Wild-type,NRAS exon 4 (c117/146),Wild-type,BRAF exon 15 (c600),Wild-type
000330,KRAS exon 2 (c12/13),Mutant,KRAS exon 3 (c61),Wild-type,KRAS exon 4 (c117/146),Wild-type,NRAS exon 2 (c12/13),Wild-type,NRAS exon 3 (c61),Wild-type,NRAS exon 4 (c117/146),Wild-type,BRAF exon 15 (c600),Wild-type
000331,KRAS exon 2 (c12/13),Wild-type,KRAS exon 3 (c61),Wild-type,KRAS exon 4 (c117/146),Wild-type,NRAS exon 2 (c12/13),Wild-type,NRAS exon 3 (c61),Wild-type,NRAS exon 4 (c117/146),Wild-type,BRAF exon 15 (c600),Wild-type
000332,KRAS exon 2 (c12/13),Wild-type,KRAS exon 3 (c61),Wild-type,KRAS exon 4 (c117/146),Wild-type,NRAS exon 2 (c12/13),Wild-type,NRAS exon 3 (c61),Wild-type,NRAS exon 4 (c117/146),Wild-type,BRAF exon 15 (c600),Mutant
000333,KRAS exon 2 (c12/13),Wild-type,KRAS exon 3 (c61),Wild-type,KRAS exon 4 (c117/146),Wild-type,NRAS exon 2 (c12/13),Wild-type,NRAS exon 3 (c61),Wild-type,NRAS exon 4 (c117/146),Wild-type,BRAF exon 15 (c600),Wild-type
000334,KRAS exon 2 (c12/13),Failure,KRAS exon 3 (c61),,KRAS exon 4 (c117/146),,NRAS exon 2 (c12/13),,NRAS exon 3 (c61),,NRAS exon 4 (c117/146),,BRAF exon 15 (c600),
000335,KRAS exon 2 (c12/13),Wild-type,KRAS exon 3 (c61),,KRAS exon 4 (c117/146),Wild-type,NRAS exon 2 (c12/13),,NRAS exon 3 (c61),,NRAS exon 4 (c117/146),Wild-type,BRAF exon 15 (c600),
000336,KRAS exon 2 (c12/13),Wild-type,KRAS exon 3 (c61),,KRAS exon 4 (c117/146),,NRAS exon 2 (c12/13),,NRAS exon 3 (c61),,NRAS exon 4 (c117/146),,BRAF exon 15 (c600),
000338,KRAS exon 2 (c12/13),Mutant,KRAS exon 3 (c61),,KRAS exon 4 (c117/146),,NRAS exon 2 (c12/13),,NRAS exon 3 (c61),,NRAS exon 4 (c117/146),,BRAF exon 15 (c600),
000339,KRAS exon 2 (c12/13),Mutant,KRAS exon 3 (c61),Wild-type,KRAS exon 4 (c117/146),Wild-type,NRAS exon 2 (c12/13),Wild-type,NRAS exon 3 (c61),Wild-type,NRAS exon 4 (c117/146),Wild-type,BRAF exon 15 (c600),Wild-type
000340,KRAS exon 2 (c12/13),Wild-type,KRAS exon 3 (c61),,KRAS exon 4 (c117/146),Wild-type,NRAS exon 2 (c12/13),,NRAS exon 3 (c61),,NRAS exon 4 (c117/146),Wild-type,BRAF exon 15 (c600),
000341,KRAS exon 2 (c12/13),Wild-type,KRAS exon 3 (c61),Wild-type,KRAS exon 4 (c117/146),Wild-type,NRAS exon 2 (c12/13),Wild-type,NRAS exon 3 (c61),Wild-type,NRAS exon 4 (c117/146),Wild-type,BRAF exon 15 (c600),Wild-type
000342,KRAS exon 2 (c12/13),Mutant,KRAS exon 3 (c61),Wild-type,KRAS exon 4 (c117/146),Wild-type,NRAS exon 2 (c12/13),Wild-type,NRAS exon 3 (c61),Wild-type,NRAS exon 4 (c117/146),Wild-type,BRAF exon 15 (c600),Wild-type
000343,KRAS exon 2 (c12/13),Wild-type,KRAS exon 3 (c61),,KRAS exon 4 (c117/146),,NRAS exon 2 (c12/13),,NRAS exon 3 (c61),,NRAS exon 4 (c117/146),,BRAF exon 15 (c600),
000344,KRAS exon 2 (c12/13),Mutant,KRAS exon 3 (c61),Wild-type,KRAS exon 4 (c117/146),Wild-type,NRAS exon 2 (c12/13),Wild-type,NRAS exon 3 (c61),Wild-type,NRAS exon 4 (c117/146),Wild-type,BRAF exon 15 (c600),Wild-type
000345,KRAS exon 2 (c12/13),Wild-type,KRAS exon 3 (c61),Wild-type,KRAS exon 4 (c117/146),Wild-type,NRAS exon 2 (c12/13),Wild-type,NRAS exon 3 (c61),Wild-type,NRAS exon 4 (c117/146),Wild-type,BRAF exon 15 (c600),Wild-type
000347,KRAS exon 2 (c12/13),Wild-type,KRAS exon 3 (c61),,KRAS exon 4 (c117/146),,NRAS exon 2 (c12/13),,NRAS exon 3 (c61),,NRAS exon 4 (c117/146),,BRAF exon 15 (c600),
000348,KRAS exon 2 (c12/13),Mutant,KRAS exon 3 (c61),Wild-type,KRAS exon 4 (c117/146),Wild-type,NRAS exon 2 (c12/13),Wild-type,NRAS exon 3 (c61),Wild-type,NRAS exon 4 (c117/146),Wild-type,BRAF exon 15 (c600),Mutant
000349,KRAS exon 2 (c12/13),Mutant,KRAS exon 3 (c61),,KRAS exon 4 (c117/146),,NRAS exon 2 (c12/13),,NRAS exon 3 (c61),,NRAS exon 4 (c117/146),,BRAF exon 15 (c600),
000350,KRAS exon 2 (c12/13),Failure,KRAS exon 3 (c61),,KRAS exon 4 (c117/146),,NRAS exon 2 (c12/13),,NRAS exon 3 (c61),,NRAS exon 4 (c117/146),,BRAF exon 15 (c600),
000353,KRAS exon 2 (c12/13),Wild-type,KRAS exon 3 (c61),,KRAS exon 4 (c117/146),,NRAS exon 2 (c12/13),,NRAS exon 3 (c61),,NRAS exon 4 (c117/146),,BRAF exon 15 (c600),
000354,KRAS exon 2 (c12/13),Failure,KRAS exon 3 (c61),,KRAS exon 4 (c117/146),Wild-type,NRAS exon 2 (c12/13),,NRAS exon 3 (c61),,NRAS exon 4 (c117/146),Wild-type,BRAF exon 15 (c600),
000356,KRAS exon 2 (c12/13),Mutant,KRAS exon 3 (c61),Wild-type,KRAS exon 4 (c117/146),Wild-type,NRAS exon 2 (c12/13),Wild-type,NRAS exon 3 (c61),Wild-type,NRAS exon 4 (c117/146),Wild-type,BRAF exon 15 (c600),Failure
000357,KRAS exon 2 (c12/13),Wild-type,KRAS exon 3 (c61),,KRAS exon 4 (c117/146),,NRAS exon 2 (c12/13),,NRAS exon 3 (c61),,NRAS exon 4 (c117/146),,BRAF exon 15 (c600),
000358,KRAS exon 2 (c12/13),Wild-type,KRAS exon 3 (c61),Wild-type,KRAS exon 4 (c117/146),Wild-type,NRAS exon 2 (c12/13),Wild-type,NRAS exon 3 (c61),Wild-type,NRAS exon 4 (c117/146),Wild-type,BRAF exon 15 (c600),Wild-type
000359,KRAS exon 2 (c12/13),Wild-type,KRAS exon 3 (c61),,KRAS exon 4 (c117/146),Wild-type,NRAS exon 2 (c12/13),,NRAS exon 3 (c61),,NRAS exon 4 (c117/146),Wild-type,BRAF exon 15 (c600),
000360,KRAS exon 2 (c12/13),Wild-type,KRAS exon 3 (c61),Wild-type,KRAS exon 4 (c117/146),Failure,NRAS exon 2 (c12/13),Wild-type,NRAS exon 3 (c61),Mutant,NRAS exon 4 (c117/146),Failure,BRAF exon 15 (c600),Wild-type
000360,KRAS exon 2 (c12/13),Wild-type,KRAS exon 3 (c61),Wild-type,KRAS exon 4 (c117/146),Wild-type,NRAS exon 2 (c12/13),Wild-type,NRAS exon 3 (c61),Mutant,NRAS exon 4 (c117/146),Wild-type,BRAF exon 15 (c600),Wild-type
000361,KRAS exon 2 (c12/13),Wild-type,KRAS exon 3 (c61),Wild-type,KRAS exon 4 (c117/146),Wild-type,NRAS exon 2 (c12/13),Wild-type,NRAS exon 3 (c61),Wild-type,NRAS exon 4 (c117/146),Wild-type,BRAF exon 15 (c600),Wild-type
000362,KRAS exon 2 (c12/13),Wild-type,KRAS exon 3 (c61),Wild-type,KRAS exon 4 (c117/146),Wild-type,NRAS exon 2 (c12/13),Wild-type,NRAS exon 3 (c61),Mutant,NRAS exon 4 (c117/146),Wild-type,BRAF exon 15 (c600),Wild-type
000363,KRAS exon 2 (c12/13),Mutant,KRAS exon 3 (c61),,KRAS exon 4 (c117/146),,NRAS exon 2 (c12/13),,NRAS exon 3 (c61),,NRAS exon 4 (c117/146),,BRAF exon 15 (c600),
000364,KRAS exon 2 (c12/13),Mutant,KRAS exon 3 (c61),Wild-type,KRAS exon 4 (c117/146),Wild-type,NRAS exon 2 (c12/13),Wild-type,NRAS exon 3 (c61),Wild-type,NRAS exon 4 (c117/146),Wild-type,BRAF exon 15 (c600),Wild-type
000366,KRAS exon 2 (c12/13),Mutant,KRAS exon 3 (c61),Wild-type,KRAS exon 4 (c117/146),Wild-type,NRAS exon 2 (c12/13),Wild-type,NRAS exon 3 (c61),Wild-type,NRAS exon 4 (c117/146),Failure,BRAF exon 15 (c600),Failure
000367,KRAS exon 2 (c12/13),Mutant,KRAS exon 3 (c61),Wild-type,KRAS exon 4 (c117/146),Wild-type,NRAS exon 2 (c12/13),Wild-type,NRAS exon 3 (c61),Wild-type,NRAS exon 4 (c117/146),Wild-type,BRAF exon 15 (c600),Failure
000369,KRAS exon 2 (c12/13),Mutant,KRAS exon 3 (c61),Wild-type,KRAS exon 4 (c117/146),Wild-type,NRAS exon 2 (c12/13),Failure,NRAS exon 3 (c61),Wild-type,NRAS exon 4 (c117/146),Wild-type,BRAF exon 15 (c600),Failure
000370,KRAS exon 2 (c12/13),Wild-type,KRAS exon 3 (c61),,KRAS exon 4 (c117/146),,NRAS exon 2 (c12/13),,NRAS exon 3 (c61),,NRAS exon 4 (c117/146),,BRAF exon 15 (c600),
000371,KRAS exon 2 (c12/13),Mutant,KRAS exon 3 (c61),,KRAS exon 4 (c117/146),,NRAS exon 2 (c12/13),,NRAS exon 3 (c61),,NRAS exon 4 (c117/146),,BRAF exon 15 (c600),
000372,KRAS exon 2 (c12/13),Failure,KRAS exon 3 (c61),Wild-type,KRAS exon 4 (c117/146),Wild-type,NRAS exon 2 (c12/13),Wild-type,NRAS exon 3 (c61),Wild-type,NRAS exon 4 (c117/146),Wild-type,BRAF exon 15 (c600),Wild-type
000373,KRAS exon 2 (c12/13),Wild-type,KRAS exon 3 (c61),Wild-type,KRAS exon 4 (c117/146),Wild-type,NRAS exon 2 (c12/13),Wild-type,NRAS exon 3 (c61),Wild-type,NRAS exon 4 (c117/146),Wild-type,BRAF exon 15 (c600),Wild-type
000374,KRAS exon 2 (c12/13),Wild-type,KRAS exon 3 (c61),Wild-type,KRAS exon 4 (c117/146),Wild-type,NRAS exon 2 (c12/13),Wild-type,NRAS exon 3 (c61),Wild-type,NRAS exon 4 (c117/146),Wild-type,BRAF exon 15 (c600),Wild-type
000375,KRAS exon 2 (c12/13),Wild-type,KRAS exon 3 (c61),,KRAS exon 4 (c117/146),,NRAS exon 2 (c12/13),,NRAS exon 3 (c61),,NRAS exon 4 (c117/146),,BRAF exon 15 (c600),
000376,KRAS exon 2 (c12/13),Wild-type,KRAS exon 3 (c61),Wild-type,KRAS exon 4 (c117/146),Wild-type,NRAS exon 2 (c12/13),Wild-type,NRAS exon 3 (c61),Wild-type,NRAS exon 4 (c117/146),Wild-type,BRAF exon 15 (c600),Wild-type
000377,KRAS exon 2 (c12/13),Failure,KRAS exon 3 (c61),,KRAS exon 4 (c117/146),,NRAS exon 2 (c12/13),,NRAS exon 3 (c61),,NRAS exon 4 (c117/146),,BRAF exon 15 (c600),
000378,KRAS exon 2 (c12/13),Mutant,KRAS exon 3 (c61),Wild-type,KRAS exon 4 (c117/146),Wild-type,NRAS exon 2 (c12/13),Wild-type,NRAS exon 3 (c61),Wild-type,NRAS exon 4 (c117/146),Wild-type,BRAF exon 15 (c600),Wild-type
000379,KRAS exon 2 (c12/13),Mutant,KRAS exon 3 (c61),Wild-type,KRAS exon 4 (c117/146),Wild-type,NRAS exon 2 (c12/13),Wild-type,NRAS exon 3 (c61),Wild-type,NRAS exon 4 (c117/146),Wild-type,BRAF exon 15 (c600),Failure
000380,KRAS exon 2 (c12/13),Wild-type,KRAS exon 3 (c61),Wild-type,KRAS exon 4 (c117/146),Mutant,NRAS exon 2 (c12/13),Wild-type,NRAS exon 3 (c61),Wild-type,NRAS exon 4 (c117/146),Wild-type,BRAF exon 15 (c600),Wild-type
000381,KRAS exon 2 (c12/13),Wild-type,KRAS exon 3 (c61),Wild-type,KRAS exon 4 (c117/146),Wild-type,NRAS exon 2 (c12/13),Wild-type,NRAS exon 3 (c61),Wild-type,NRAS exon 4 (c117/146),Wild-type,BRAF exon 15 (c600),Wild-type
000382,KRAS exon 2 (c12/13),Mutant,KRAS exon 3 (c61),,KRAS exon 4 (c117/146),,NRAS exon 2 (c12/13),,NRAS exon 3 (c61),,NRAS exon 4 (c117/146),,BRAF exon 15 (c600),
000383,KRAS exon 2 (c12/13),Failure,KRAS exon 3 (c61),Wild-type,KRAS exon 4 (c117/146),Wild-type,NRAS exon 2 (c12/13),Wild-type,NRAS exon 3 (c61),Wild-type,NRAS exon 4 (c117/146),Wild-type,BRAF exon 15 (c600),Failure
000383,KRAS exon 2 (c12/13),Failure,KRAS exon 3 (c61),Wild-type,KRAS exon 4 (c117/146),Wild-type,NRAS exon 2 (c12/13),Wild-type,NRAS exon 3 (c61),Wild-type,NRAS exon 4 (c117/146),Wild-type,BRAF exon 15 (c600),Failure
000384,KRAS exon 2 (c12/13),Wild-type,KRAS exon 3 (c61),Wild-type,KRAS exon 4 (c117/146),Wild-type,NRAS exon 2 (c12/13),Mutant,NRAS exon 3 (c61),Wild-type,NRAS exon 4 (c117/146),Wild-type,BRAF exon 15 (c600),Wild-type
000385,KRAS exon 2 (c12/13),Wild-type,KRAS exon 3 (c61),Wild-type,KRAS exon 4 (c117/146),Wild-type,NRAS exon 2 (c12/13),Wild-type,NRAS exon 3 (c61),Wild-type,NRAS exon 4 (c117/146),Wild-type,BRAF exon 15 (c600),Wild-type
000387,KRAS exon 2 (c12/13),Wild-type,KRAS exon 3 (c61),Wild-type,KRAS exon 4 (c117/146),Wild-type,NRAS exon 2 (c12/13),Wild-type,NRAS exon 3 (c61),Wild-type,NRAS exon 4 (c117/146),Wild-type,BRAF exon 15 (c600),Wild-type
000389,KRAS exon 2 (c12/13),Wild-type,KRAS exon 3 (c61),Wild-type,KRAS exon 4 (c117/146),Wild-type,NRAS exon 2 (c12/13),Wild-type,NRAS exon 3 (c61),Wild-type,NRAS exon 4 (c117/146),Wild-type,BRAF exon 15 (c600),Wild-type
000390,KRAS exon 2 (c12/13),Mutant,KRAS exon 3 (c61),,KRAS exon 4 (c117/146),,NRAS exon 2 (c12/13),,NRAS exon 3 (c61),,NRAS exon 4 (c117/146),,BRAF exon 15 (c600),
000392,KRAS exon 2 (c12/13),Mutant,KRAS exon 3 (c61),,KRAS exon 4 (c117/146),,NRAS exon 2 (c12/13),,NRAS exon 3 (c61),,NRAS exon 4 (c117/146),,BRAF exon 15 (c600),
000393,KRAS exon 2 (c12/13),Wild-type,KRAS exon 3 (c61),,KRAS exon 4 (c117/146),,NRAS exon 2 (c12/13),,NRAS exon 3 (c61),,NRAS exon 4 (c117/146),,BRAF exon 15 (c600),
000394,KRAS exon 2 (c12/13),Wild-type,KRAS exon 3 (c61),Wild-type,KRAS exon 4 (c117/146),Wild-type,NRAS exon 2 (c12/13),Wild-type,NRAS exon 3 (c61),Wild-type,NRAS exon 4 (c117/146),Wild-type,BRAF exon 15 (c600),Wild-type
000395,KRAS exon 2 (c12/13),Failure,KRAS exon 3 (c61),Wild-type,KRAS exon 4 (c117/146),Wild-type,NRAS exon 2 (c12/13),Failure,NRAS exon 3 (c61),Failure,NRAS exon 4 (c117/146),Wild-type,BRAF exon 15 (c600),Mutant
000396,KRAS exon 2 (c12/13),Wild-type,KRAS exon 3 (c61),Wild-type,KRAS exon 4 (c117/146),Wild-type,NRAS exon 2 (c12/13),Wild-type,NRAS exon 3 (c61),Wild-type,NRAS exon 4 (c117/146),Wild-type,BRAF exon 15 (c600),Wild-type
000397,KRAS exon 2 (c12/13),Wild-type,KRAS exon 3 (c61),Wild-type,KRAS exon 4 (c117/146),Failure,NRAS exon 2 (c12/13),Wild-type,NRAS exon 3 (c61),Wild-type,NRAS exon 4 (c117/146),Wild-type,BRAF exon 15 (c600),Failure
000397,KRAS exon 2 (c12/13),Wild-type,KRAS exon 3 (c61),Wild-type,KRAS exon 4 (c117/146),Wild-type,NRAS exon 2 (c12/13),Wild-type,NRAS exon 3 (c61),Wild-type,NRAS exon 4 (c117/146),Wild-type,BRAF exon 15 (c600),Failure
000398,KRAS exon 2 (c12/13),Wild-type,KRAS exon 3 (c61),Wild-type,KRAS exon 4 (c117/146),Failure,NRAS exon 2 (c12/13),Wild-type,NRAS exon 3 (c61),Wild-type,NRAS exon 4 (c117/146),Wild-type,BRAF exon 15 (c600),Wild-type
000398,KRAS exon 2 (c12/13),Wild-type,KRAS exon 3 (c61),Wild-type,KRAS exon 4 (c117/146),Wild-type,NRAS exon 2 (c12/13),Wild-type,NRAS exon 3 (c61),Wild-type,NRAS exon 4 (c117/146),Wild-type,BRAF exon 15 (c600),Wild-type
000400,KRAS exon 2 (c12/13),Failure,KRAS exon 3 (c61),,KRAS exon 4 (c117/146),,NRAS exon 2 (c12/13),,NRAS exon 3 (c61),,NRAS exon 4 (c117/146),,BRAF exon 15 (c600),
000403,KRAS exon 2 (c12/13),Wild-type,KRAS exon 3 (c61),Wild-type,KRAS exon 4 (c117/146),Wild-type,NRAS exon 2 (c12/13),Wild-type,NRAS exon 3 (c61),Wild-type,NRAS exon 4 (c117/146),Wild-type,BRAF exon 15 (c600),Mutant
000404,KRAS exon 2 (c12/13),Wild-type,KRAS exon 3 (c61),Wild-type,KRAS exon 4 (c117/146),Wild-type,NRAS exon 2 (c12/13),Wild-type,NRAS exon 3 (c61),Wild-type,NRAS exon 4 (c117/146),Wild-type,BRAF exon 15 (c600),Wild-type
000405,KRAS exon 2 (c12/13),Wild-type,KRAS exon 3 (c61),Wild-type,KRAS exon 4 (c117/146),Wild-type,NRAS exon 2 (c12/13),Wild-type,NRAS exon 3 (c61),Wild-type,NRAS exon 4 (c117/146),Wild-type,BRAF exon 15 (c600),Wild-type
000406,KRAS exon 2 (c12/13),Wild-type,KRAS exon 3 (c61),Wild-type,KRAS exon 4 (c117/146),Wild-type,NRAS exon 2 (c12/13),Wild-type,NRAS exon 3 (c61),Wild-type,NRAS exon 4 (c117/146),Wild-type,BRAF exon 15 (c600),Failure
000407,KRAS exon 2 (c12/13),Mutant,KRAS exon 3 (c61),,KRAS exon 4 (c117/146),,NRAS exon 2 (c12/13),,NRAS exon 3 (c61),,NRAS exon 4 (c117/146),,BRAF exon 15 (c600),
000409,KRAS exon 2 (c12/13),Wild-type,KRAS exon 3 (c61),Failure,KRAS exon 4 (c117/146),Failure,NRAS exon 2 (c12/13),Failure,NRAS exon 3 (c61),Wild-type,NRAS exon 4 (c117/146),Failure,BRAF exon 15 (c600),Failure
000409,KRAS exon 2 (c12/13),Wild-type,KRAS exon 3 (c61),Failure,KRAS exon 4 (c117/146),Wild-type,NRAS exon 2 (c12/13),Failure,NRAS exon 3 (c61),Wild-type,NRAS exon 4 (c117/146),Wild-type,BRAF exon 15 (c600),Failure
000410,KRAS exon 2 (c12/13),Wild-type,KRAS exon 3 (c61),Wild-type,KRAS exon 4 (c117/146),Wild-type,NRAS exon 2 (c12/13),Wild-type,NRAS exon 3 (c61),Wild-type,NRAS exon 4 (c117/146),Wild-type,BRAF exon 15 (c600),Wild-type
000414,KRAS exon 2 (c12/13),Wild-type,KRAS exon 3 (c61),Wild-type,KRAS exon 4 (c117/146),Wild-type,NRAS exon 2 (c12/13),Wild-type,NRAS exon 3 (c61),Wild-type,NRAS exon 4 (c117/146),Wild-type,BRAF exon 15 (c600),Wild-type
000415,KRAS exon 2 (c12/13),Wild-type,KRAS exon 3 (c61),Wild-type,KRAS exon 4 (c117/146),Wild-type,NRAS exon 2 (c12/13),Wild-type,NRAS exon 3 (c61),Wild-type,NRAS exon 4 (c117/146),Wild-type,BRAF exon 15 (c600),Wild-type
000416,KRAS exon 2 (c12/13),Mutant,KRAS exon 3 (c61),Wild-type,KRAS exon 4 (c117/146),Wild-type,NRAS exon 2 (c12/13),Wild-type,NRAS exon 3 (c61),Wild-type,NRAS exon 4 (c117/146),Wild-type,BRAF exon 15 (c600),Wild-type
000419,KRAS exon 2 (c12/13),Wild-type,KRAS exon 3 (c61),,KRAS exon 4 (c117/146),,NRAS exon 2 (c12/13),,NRAS exon 3 (c61),,NRAS exon 4 (c117/146),,BRAF exon 15 (c600),
000420,KRAS exon 2 (c12/13),Mutant,KRAS exon 3 (c61),Wild-type,KRAS exon 4 (c117/146),Wild-type,NRAS exon 2 (c12/13),Wild-type,NRAS exon 3 (c61),Wild-type,NRAS exon 4 (c117/146),Wild-type,BRAF exon 15 (c600),Wild-type
000421,KRAS exon 2 (c12/13),Mutant,KRAS exon 3 (c61),Wild-type,KRAS exon 4 (c117/146),,NRAS exon 2 (c12/13),Wild-type,NRAS exon 3 (c61),Wild-type,NRAS exon 4 (c117/146),,BRAF exon 15 (c600),Failure
000422,KRAS exon 2 (c12/13),Mutant,KRAS exon 3 (c61),Wild-type,KRAS exon 4 (c117/146),Wild-type,NRAS exon 2 (c12/13),Wild-type,NRAS exon 3 (c61),Wild-type,NRAS exon 4 (c117/146),Wild-type,BRAF exon 15 (c600),Wild-type
000423,KRAS exon 2 (c12/13),Mutant,KRAS exon 3 (c61),Wild-type,KRAS exon 4 (c117/146),Wild-type,NRAS exon 2 (c12/13),Wild-type,NRAS exon 3 (c61),Wild-type,NRAS exon 4 (c117/146),Wild-type,BRAF exon 15 (c600),Wild-type
000424,KRAS exon 2 (c12/13),Wild-type,KRAS exon 3 (c61),Wild-type,KRAS exon 4 (c117/146),Wild-type,NRAS exon 2 (c12/13),Wild-type,NRAS exon 3 (c61),Wild-type,NRAS exon 4 (c117/146),Wild-type,BRAF exon 15 (c600),Mutant
000425,KRAS exon 2 (c12/13),Wild-type,KRAS exon 3 (c61),Wild-type,KRAS exon 4 (c117/146),Wild-type,NRAS exon 2 (c12/13),Wild-type,NRAS exon 3 (c61),Wild-type,NRAS exon 4 (c117/146),Wild-type,BRAF exon 15 (c600),Wild-type
000427,KRAS exon 2 (c12/13),Wild-type,KRAS exon 3 (c61),Wild-type,KRAS exon 4 (c117/146),Wild-type,NRAS exon 2 (c12/13),Wild-type,NRAS exon 3 (c61),Wild-type,NRAS exon 4 (c117/146),Wild-type,BRAF exon 15 (c600),Wild-type
000429,KRAS exon 2 (c12/13),Mutant,KRAS exon 3 (c61),Wild-type,KRAS exon 4 (c117/146),Wild-type,NRAS exon 2 (c12/13),Wild-type,NRAS exon 3 (c61),Wild-type,NRAS exon 4 (c117/146),Wild-type,BRAF exon 15 (c600),Wild-type
000430,KRAS exon 2 (c12/13),Wild-type,KRAS exon 3 (c61),,KRAS exon 4 (c117/146),,NRAS exon 2 (c12/13),,NRAS exon 3 (c61),,NRAS exon 4 (c117/146),,BRAF exon 15 (c600),
000431,KRAS exon 2 (c12/13),Wild-type,KRAS exon 3 (c61),Wild-type,KRAS exon 4 (c117/146),Wild-type,NRAS exon 2 (c12/13),Wild-type,NRAS exon 3 (c61),Wild-type,NRAS exon 4 (c117/146),Wild-type,BRAF exon 15 (c600),Wild-type
000433,KRAS exon 2 (c12/13),Wild-type,KRAS exon 3 (c61),,KRAS exon 4 (c117/146),,NRAS exon 2 (c12/13),,NRAS exon 3 (c61),,NRAS exon 4 (c117/146),,BRAF exon 15 (c600),
000435,KRAS exon 2 (c12/13),Wild-type,KRAS exon 3 (c61),Wild-type,KRAS exon 4 (c117/146),Wild-type,NRAS exon 2 (c12/13),Wild-type,NRAS exon 3 (c61),Wild-type,NRAS exon 4 (c117/146),Wild-type,BRAF exon 15 (c600),Wild-type
000436,KRAS exon 2 (c12/13),Mutant,KRAS exon 3 (c61),Wild-type,KRAS exon 4 (c117/146),Wild-type,NRAS exon 2 (c12/13),Wild-type,NRAS exon 3 (c61),Wild-type,NRAS exon 4 (c117/146),Wild-type,BRAF exon 15 (c600),Wild-type
000437,KRAS exon 2 (c12/13),Failure,KRAS exon 3 (c61),,KRAS exon 4 (c117/146),,NRAS exon 2 (c12/13),,NRAS exon 3 (c61),,NRAS exon 4 (c117/146),,BRAF exon 15 (c600),
000439,KRAS exon 2 (c12/13),Wild-type,KRAS exon 3 (c61),Wild-type,KRAS exon 4 (c117/146),Wild-type,NRAS exon 2 (c12/13),Wild-type,NRAS exon 3 (c61),Wild-type,NRAS exon 4 (c117/146),Wild-type,BRAF exon 15 (c600),Wild-type
000440,KRAS exon 2 (c12/13),Wild-type,KRAS exon 3 (c61),Wild-type,KRAS exon 4 (c117/146),Wild-type,NRAS exon 2 (c12/13),Wild-type,NRAS exon 3 (c61),Wild-type,NRAS exon 4 (c117/146),Wild-type,BRAF exon 15 (c600),Mutant
000442,KRAS exon 2 (c12/13),Mutant,KRAS exon 3 (c61),Wild-type,KRAS exon 4 (c117/146),Wild-type,NRAS exon 2 (c12/13),Wild-type,NRAS exon 3 (c61),Wild-type,NRAS exon 4 (c117/146),Wild-type,BRAF exon 15 (c600),Wild-type
000443,KRAS exon 2 (c12/13),Mutant,KRAS exon 3 (c61),,KRAS exon 4 (c117/146),,NRAS exon 2 (c12/13),,NRAS exon 3 (c61),,NRAS exon 4 (c117/146),,BRAF exon 15 (c600),
000444,KRAS exon 2 (c12/13),Mutant,KRAS exon 3 (c61),Wild-type,KRAS exon 4 (c117/146),,NRAS exon 2 (c12/13),Wild-type,NRAS exon 3 (c61),Wild-type,NRAS exon 4 (c117/146),,BRAF exon 15 (c600),Wild-type
000445,KRAS exon 2 (c12/13),Mutant,KRAS exon 3 (c61),,KRAS exon 4 (c117/146),Failure,NRAS exon 2 (c12/13),,NRAS exon 3 (c61),,NRAS exon 4 (c117/146),Failure,BRAF exon 15 (c600),
000446,KRAS exon 2 (c12/13),Mutant,KRAS exon 3 (c61),Wild-type,KRAS exon 4 (c117/146),Wild-type,NRAS exon 2 (c12/13),Wild-type,NRAS exon 3 (c61),Wild-type,NRAS exon 4 (c117/146),Wild-type,BRAF exon 15 (c600),Wild-type
000447,KRAS exon 2 (c12/13),Wild-type,KRAS exon 3 (c61),,KRAS exon 4 (c117/146),,NRAS exon 2 (c12/13),,NRAS exon 3 (c61),,NRAS exon 4 (c117/146),,BRAF exon 15 (c600),
000448,KRAS exon 2 (c12/13),Wild-type,KRAS exon 3 (c61),Wild-type,KRAS exon 4 (c117/146),Wild-type,NRAS exon 2 (c12/13),Wild-type,NRAS exon 3 (c61),Wild-type,NRAS exon 4 (c117/146),Wild-type,BRAF exon 15 (c600),Wild-type
000450,KRAS exon 2 (c12/13),Mutant,KRAS exon 3 (c61),Wild-type,KRAS exon 4 (c117/146),Wild-type,NRAS exon 2 (c12/13),Wild-type,NRAS exon 3 (c61),Wild-type,NRAS exon 4 (c117/146),Wild-type,BRAF exon 15 (c600),Wild-type
000451,KRAS exon 2 (c12/13),Mutant,KRAS exon 3 (c61),,KRAS exon 4 (c117/146),Wild-type,NRAS exon 2 (c12/13),,NRAS exon 3 (c61),,NRAS exon 4 (c117/146),Wild-type,BRAF exon 15 (c600),
000452,KRAS exon 2 (c12/13),Wild-type,KRAS exon 3 (c61),Wild-type,KRAS exon 4 (c117/146),Wild-type,NRAS exon 2 (c12/13),Wild-type,NRAS exon 3 (c61),Wild-type,NRAS exon 4 (c117/146),Wild-type,BRAF exon 15 (c600),Wild-type
000453,KRAS exon 2 (c12/13),Wild-type,KRAS exon 3 (c61),,KRAS exon 4 (c117/146),,NRAS exon 2 (c12/13),,NRAS exon 3 (c61),,NRAS exon 4 (c117/146),,BRAF exon 15 (c600),
000454,KRAS exon 2 (c12/13),Failure,KRAS exon 3 (c61),,KRAS exon 4 (c117/146),Failure,NRAS exon 2 (c12/13),,NRAS exon 3 (c61),,NRAS exon 4 (c117/146),Failure,BRAF exon 15 (c600),
000456,KRAS exon 2 (c12/13),Wild-type,KRAS exon 3 (c61),,KRAS exon 4 (c117/146),,NRAS exon 2 (c12/13),,NRAS exon 3 (c61),,NRAS exon 4 (c117/146),,BRAF exon 15 (c600),
000457,KRAS exon 2 (c12/13),Mutant,KRAS exon 3 (c61),Wild-type,KRAS exon 4 (c117/146),Wild-type,NRAS exon 2 (c12/13),Wild-type,NRAS exon 3 (c61),Wild-type,NRAS exon 4 (c117/146),Wild-type,BRAF exon 15 (c600),Wild-type
000458,KRAS exon 2 (c12/13),Wild-type,KRAS exon 3 (c61),Wild-type,KRAS exon 4 (c117/146),Wild-type,NRAS exon 2 (c12/13),Wild-type,NRAS exon 3 (c61),Wild-type,NRAS exon 4 (c117/146),Wild-type,BRAF exon 15 (c600),Wild-type
000459,KRAS exon 2 (c12/13),Wild-type,KRAS exon 3 (c61),Wild-type,KRAS exon 4 (c117/146),Wild-type,NRAS exon 2 (c12/13),Wild-type,NRAS exon 3 (c61),Wild-type,NRAS exon 4 (c117/146),Wild-type,BRAF exon 15 (c600),Wild-type
000460,KRAS exon 2 (c12/13),Failure,KRAS exon 3 (c61),,KRAS exon 4 (c117/146),,NRAS exon 2 (c12/13),,NRAS exon 3 (c61),,NRAS exon 4 (c117/146),,BRAF exon 15 (c600),
000461,KRAS exon 2 (c12/13),Mutant,KRAS exon 3 (c61),,KRAS exon 4 (c117/146),,NRAS exon 2 (c12/13),,NRAS exon 3 (c61),,NRAS exon 4 (c117/146),,BRAF exon 15 (c600),
000462,KRAS exon 2 (c12/13),Mutant,KRAS exon 3 (c61),Wild-type,KRAS exon 4 (c117/146),Wild-type,NRAS exon 2 (c12/13),Wild-type,NRAS exon 3 (c61),Wild-type,NRAS exon 4 (c117/146),Wild-type,BRAF exon 15 (c600),Failure
